Workbook

Sheet Raw_data
A1: start | B1: end | C1: start-geopoint | D1: _start-geopoint_latitude | E1: _start-geopoint_longitude | F1: _start-geopoint_altitude | G1: _start-geopoint_precision | H1: today | I1: अवलोकनकर्ता का नाम | J1: यदि अन्य तो कृपया नाम दर्ज करें - | K1: कक्षा अवलोकन दिनांक | L1: क्या आप चयनित मास्टर ट्रैनर का अवलोकन कर रहे है? | M1: जिला | N1: ब्लॉक | O1: कृपया शाला का UDISE कोड दर्ज करें | P1: मास्टर ट्रैनर का नाम | Q1: विषय | R1: क्या अवलोकन के दौरान पढ़ाया जा रहा पाठ उसी विषय पर था जो ऊपर चुना गया था? | S1: कृपया अवलोकन का विषय दर्ज करें - | T1: यदि अन्य, तो कृपया दर्ज करें | U1: शिक्षक/शिक्षिका का लिंग | V1: शिक्षिका/शिक्षक का नाम? | W1: शिक्षिका/शिक्षक का यूनीक आइडी? | X1: क्या ये शिक्षक/शिक्षिका, 2 दिवसीय विषय-आधारित प्रशिक्षण में मास्टर ट्रेनर (MT) रहे हैं? | Y1: आपने कौनसी कक्षा का अवलोकन किया? | Z1: आपने कौनसी कक्षा का अवलोकन किया?/कक्षा 6 | AA1: आपने कौनसी कक्षा का अवलोकन किया?/कक्षा 7 | AB1: आपने कौनसी कक्षा का अवलोकन किया?/कक्षा 8 | AC1: आपका कुल शिक्षण अनुभव कितने महीनों का है? (शासकीय एवं गैर-शासकीय) | AD1: शिक्षक कक्षा 6-8 में कितने महीनों से पढ़ा रहें हैं? | AE1: चयनित विषय को शिक्षक कितने महीनों पढ़ा रहें हैं? | AF1: आपने किस प्रकार की कक्षा का अवलोकन किया? | AG1: शिक्षक ने किस विषय के साथ अपना बी. एड. या डी. एड. पूरा किया है? | AH1: शिक्षक ने किस विषय के साथ अपना बी. एड. या डी. एड. पूरा किया है?/हिन्दी | AI1: शिक्षक ने किस विषय के साथ अपना बी. एड. या डी. एड. पूरा किया है?/इंग्लिश | AJ1: शिक्षक ने किस विषय के साथ अपना बी. एड. या डी. एड. पूरा किया है?/उर्दू | AK1: शिक्षक ने किस विषय के साथ अपना बी. एड. या डी. एड. पूरा किया है?/मराठी | AL1: शिक्षक ने किस विषय के साथ अपना बी. एड. या डी. एड. पूरा किया है?/संस्कृत | AM1: शिक्षक ने किस विषय के साथ अपना बी. एड. या डी. एड. पूरा किया है?/गणित | AN1: शिक्षक ने किस विषय के साथ अपना बी. एड. या डी. एड. पूरा किया है?/विज्ञान | AO1: शिक्षक ने किस विषय के साथ अपना बी. एड. या डी. एड. पूरा किया है?/सामाजिक विज्ञान | AP1: शिक्षक ने किस विषय के साथ अपना बी. एड. या डी. एड. पूरा किया है?/अन्य | AQ1: यदि अन्य तो दर्ज करें | AR1: किस विषय को पढ़ाने मे आप सबसे ज्यादा सहज महसूस करते है? | AS1: कक्षा मे कुल नामांकित विद्यार्थी की संख्या | AT1: कक्षा मे कुल उपस्थित विद्यार्थी की संख्या | AU1: 1. शिक्षक कालांश की शुरुआत कैसे करते हैं? (जैसे-पाठ या विषय-वस्तु के बारें मे बताना, कक्षा के अधिकांश विद्यार्थियों से हालचाल पूछना एवं स्वागत करना, कोई हुक उपयोग करना, विद्यार्थियों के जीवन से जुड़ी बातचीत करके उनका विषयवस्तु से जुड़ाव बनाना) | AV1: 2.1. शिक्षक कक्षा में कैसे पढ़ाते हैं? (एक से अधिक विकल्प चुने जा सकते हैं) | AW1: 2.1. शिक्षक कक्षा में कैसे पढ़ाते हैं? (एक से अधिक विकल्प चुने जा सकते हैं)/i. व्याख्यान करते हैं। | AX1: 2.1. शिक्षक कक्षा में कैसे पढ़ाते हैं? (एक से अधिक विकल्प चुने जा सकते हैं)/ii. विद्यार्थियों से पाठ के कुछ हिस्सों को पढ़ने के लिए कहते हैं। | AY1: 2.1. शिक्षक कक्षा में कैसे पढ़ाते हैं? (एक से अधिक विकल्प चुने जा सकते हैं)/iii. टीएलएम का उपयोग करते हैं (पाठ्यपुस्तक और ब्लैक/वाइट बोर्ड के अलावा) | AZ1: 2.1. शिक्षक कक्षा में कैसे पढ़ाते हैं? (एक से अधिक विकल्प चुने जा सकते हैं)/iv. गतिविधि या खेल | BA1: 2.1. शिक्षक कक्षा में कैसे पढ़ाते हैं? (एक से अधिक विकल्प चुने जा सकते हैं)/v. अन्य | BB1: यदि अन्य | BC1: 2.2. पाठ के दौरान विद्यार्थियों की सहभागिता (विद्यार्थियों द्वारा प्रश्न पूछना, तर्क देना या दोहराना एवं पाठ के दौरान अपने विचार साझा करना साथ ही प्रश्नो पर उत्तर देना शामिल हैं) कितनी है? | BD1: 2.3. विद्यार्थियों की सहभागिता के लिए कौन कौन सी तकनीकें उपयोग की गई हैं? (एक से अधिक विकल्प चुनें जा सकते हैं) | BE1: 2.3. विद्यार्थियों की सहभागिता के लिए कौन कौन सी तकनीकें उपयोग की गई हैं? (एक से अधिक विकल्प चुनें जा सकते हैं)/i.हुक का प्रयोग | BF1: 2.3. विद्यार्थियों की सहभागिता के लिए कौन कौन सी तकनीकें उपयोग की गई हैं? (एक से अधिक विकल्प चुनें जा सकते हैं)/ii.थिंक पेयर शेयर | BG1: 2.3. विद्यार्थियों की सहभागिता के लिए कौन कौन सी तकनीकें उपयोग की गई हैं? (एक से अधिक विकल्प चुनें जा सकते हैं)/iii.समूह चर्चा | BH1: 2.3. विद्यार्थियों की सहभागिता के लिए कौन कौन सी तकनीकें उपयोग की गई हैं? (एक से अधिक विकल्प चुनें जा सकते हैं)/iv.ऑडियो/ विडियो का उपयोग करके शिक्षण | BI1: 2.3. विद्यार्थियों की सहभागिता के लिए कौन कौन सी तकनीकें उपयोग की गई हैं? (एक से अधिक विकल्प चुनें जा सकते हैं)/v.विद्यार्थी के कार्यों (अकादमिक/गैर अकादमिक) पर रचनात्मक फीडबैक (Constructive Feedback) | BJ1: 2.3. विद्यार्थियों की सहभागिता के लिए कौन कौन सी तकनीकें उपयोग की गई हैं? (एक से अधिक विकल्प चुनें जा सकते हैं)/vi.इनमें से कोई नहीं देखा गया | BK1: 3.1. कक्षा में शिक्षक के द्वारा किस तरह के प्रश्न पूछे गए? | BL1: 3.2. क्या शिक्षक प्रश्न का उत्तर लेने से पहले विद्यार्थियों को स्पष्ट रूप से कह कर सोचने के लिए पर्याप्त समय देते हैं? | BM1: 3.3. शिक्षक उत्तर लेने के लिए विद्यार्थियों का चयन किस प्रकार करते हैं? (अधिकांशत : >50% प्रश्नो की संख्या के आधार पर) | BN1: 4. शिक्षक पढ़ाए जा रहे विषय/टॉपिक के बारे में विद्यार्थियों की समझ की जांच (CFU) करने के लिए किस तरीके का अधिकांशतः उपयोग करते हैं? (प्रश्नों की संख्या के आधार पर जांचा जाएगा) | BO1: 5.1. शिक्षक विद्यार्थियों को स्वतंत्र कार्य करने का समय प्रदान करते हैं एवं कक्षा में भ्रमण करके सहायता करते हैं। | BP1: 5.2. शिक्षक विद्यार्थियों को जोड़े या समूह कार्य के अवसर प्रदान करते हैं एवं कक्षा में भ्रमण करके सहायता करते हैं। | BQ1: 6.1. क्या शिक्षक किसी भी विद्यार्थी के साथ अपमानजनक भाषा* या व्यवहार करते हैं, या विद्यार्थियों को शारीरिक दंड देते हैं ? (*जैसे चिल्लाना/डांटना/उपहास/शर्मिंदा करना या सांस्कृतिक/क्षेत्रीय रूप से अपमान सूचक शब्दों का इस्तेमाल आदि) | BR1: यदि हाँ, तो कृपया उदाहरण का विवरण दे - | BS1: 6.2. शिक्षक विद्यार्थियों के साथ सकारात्मक और प्रेरणादायी भाषा का उपयोग करते हैं (मोटिवेशनल या प्रशंसा करते हैं)| | BT1: 7. क्या शिक्षक कक्षा के लिए प्रभावी नियम या दिनचर्या /रूटीन बनाए रखने में सक्षम थे? | BU1: 8.1. क्या शिक्षक रूढ़िवादिता या भेदभाव जैसे किसी भी मुद्दे पर सजगता से बातचीत कर समावेशी वातावरण को बढ़ावा देते हैं? (अगर शिक्षक द्वारा एक भी नकारात्मक घटना दिखे तो विकल्प ii को चुना जाए) | BV1: 8.2. क्या शिक्षक रूढ़िवादिता या भेदभाव की किसी भी घटना/मुद्दे को संबोधित कर समावेशी वातावरण को बढ़ावा देते है? | BW1: 9.1. क्या शिक्षक के पास आज की कक्षा के लिए लिखित पाठ योजना है (स्वयं निर्मित या राज्य से पूर्व-तैयार)? | BX1: 9.2. क्या पाठ योजना में निम्नलिखित का उल्लेख है: (एक से अधिक विकल्प चुनें जा सकते हैं) | BY1: 9.2. क्या पाठ योजना में निम्नलिखित का उल्लेख है: (एक से अधिक विकल्प चुनें जा सकते हैं)/i.सीखने के प्रतिफल/लर्निंग आउट्कम | BZ1: 9.2. क्या पाठ योजना में निम्नलिखित का उल्लेख है: (एक से अधिक विकल्प चुनें जा सकते हैं)/ii.आवश्यक सामग्री (जैसे: टीएलएम) | CA1: 9.2. क्या पाठ योजना में निम्नलिखित का उल्लेख है: (एक से अधिक विकल्प चुनें जा सकते हैं)/iii.गतिविधियों का विवरण (जैसे: प्रयोग, खेल, चर्चा, समूह कार्य आदि) | CB1: 9.2. क्या पाठ योजना में निम्नलिखित का उल्लेख है: (एक से अधिक विकल्प चुनें जा सकते हैं)/iv.समझ की जांच (CFU) हेतु प्रश्न | CC1: 9.2. क्या पाठ योजना में निम्नलिखित का उल्लेख है: (एक से अधिक विकल्प चुनें जा सकते हैं)/v.गृहकार्य | CD1: 9.2. क्या पाठ योजना में निम्नलिखित का उल्लेख है: (एक से अधिक विकल्प चुनें जा सकते हैं)/vi.उपरोक्त में से कोई भी नहीं | CE1: 9.3. पढ़ाया गया पाठ, पाठ योजना के कितना अनुरूप था? | CF1: 10. क्या शिक्षक ने पाठ पढ़ाने के दौरान निम्नलिखित घटकों को शामिल किया? (एक से अधिक विकल्प चुनें जा सकते हैं) | CG1: 10. क्या शिक्षक ने पाठ पढ़ाने के दौरान निम्नलिखित घटकों को शामिल किया? (एक से अधिक विकल्प चुनें जा सकते हैं)/i.TLM का उपयोग किया | CH1: 10. क्या शिक्षक ने पाठ पढ़ाने के दौरान निम्नलिखित घटकों को शामिल किया? (एक से अधिक विकल्प चुनें जा सकते हैं)/ii.विषय से संबंधित गतिविधियाँ | CI1: 10. क्या शिक्षक ने पाठ पढ़ाने के दौरान निम्नलिखित घटकों को शामिल किया? (एक से अधिक विकल्प चुनें जा सकते हैं)/iii.समझ की जाँच (CFU) प्रश्न | CJ1: 10. क्या शिक्षक ने पाठ पढ़ाने के दौरान निम्नलिखित घटकों को शामिल किया? (एक से अधिक विकल्प चुनें जा सकते हैं)/iv.गृहकार्य देना | CK1: 10. क्या शिक्षक ने पाठ पढ़ाने के दौरान निम्नलिखित घटकों को शामिल किया? (एक से अधिक विकल्प चुनें जा सकते हैं)/v.उपरोक्त में से कोई भी नहीं | CL1: A. क्या विद्यार्थियों की नोटबुक नियमित रूप से और तुरंत या उचित समय-सीमा के भीतर जांची जाती है? (4-5 रैंडम नोटबुक देखी जाएं) | CM1: B. क्या शिक्षक द्वारा, विद्यार्थियों की नोटबुक में त्रुटियां पहचानी और ठीक की जाती हैं? | CN1: C. क्या शिक्षक विद्यार्थियों के काम पर विशिष्ट और रचनात्मक फीडबैक प्रदान करते हैं? | CO1: D.1. क्या शिक्षक नोटबुक में उचित व व्यवस्थित लिखावट के साथ प्रस्तुतिकरण को प्रोत्साहित करते हैं? | CP1: D.2. विषय-विशिष्ट नोटबुक में कार्य कर रहे विद्यार्थियों की स्थिति | CQ1: E. कितने विद्यार्थियों के पास विषय की पाठ्य पुस्तकें थीं? | CR1: F.1. क्या कक्षा की दीवारों पर संदर्भ पोस्टर और चार्ट मौजूद हैं? | CS1: F.2. क्या अधिकांश चार्ट और पोस्टर नए या पुराने हैं? | CT1: F.3. क्या चार्ट विद्यार्थियों ने बनाए हैं, शिक्षकों ने बनाए हैं, या स्टोर से खरीदे गए हैं? | CU1: F.4. प्रासंगिकता - सीखने से संबंध | CV1: G.1. पढ़ने के कौशल की जांच: क्या विद्यार्थी धारा प्रवाह के साथ पढ़ पा रहें हैं? (अवलोकनकर्ता किन्ही 3 विद्यार्थियों को हिन्दी की किताब से किसी एक पैराग्राफ- 4-6 लाइन, को पढ़ने को कहेंगे।) | CW1: G.2. क्या विद्यार्थी पढ़कर समझ पा रहें हैं? (विद्यार्थी अपने शब्दों में सार बता पा रहें हैं, कम से कम 70% अंश सही है) | CX1: G.3. क्या विद्यार्थी लेखन कार्य कर पा रहें हैं? (उन्ही तीन विद्यार्थियों को कम से कम दो लाइन श्रुतलेख करवाया जा सकता है या पढे हुए को अपने शब्दों में लिख सकते हैं।) | CY1: Option 1 : कक्षा की शुरुआत में विद्यार्थियों के साथ विषय से जुड़ी सामान्य बातचीत करना, स्वागत करना एवं सभी विद्यार्थियों के साथ जुड़ाव बनाना, उनको सीखने के लिए तैयार करने के लिए जरूरी हैं। | CZ1: Option 2 : आपने कुछ विद्यार्थियों से हाल-चाल पूछने का अच्छा प्रयास किया हैं; कक्षा के सभी विद्यार्थियों के साथ शुरुआती बातचीत करना, कक्षा में उनका स्वागत करना, विषय से जुड़ी बातचीत करके भूमिका बनाना उन्हें सीखने की प्रक्रिया में जोड़ने के लिए बहुत आवश्यक है, आप अपनी कक्षा में इसे लागू करने पर जरूर विचार करें। | DA1: Option 3 : कक्षा की शुरुआत रोचक तरीके से करने का आपका प्रयास अच्छा है, इस से कक्षा में विद्यार्थियों की सक्रियता सुनिश्चित होती है; यह भी सुनिश्चित करें कि सभी विद्यार्थी कक्षा से जुड़ाव महसूस करें और यह समझें कि कक्षा में उनका स्वागत है। | DB1: iv.Option 4: कक्षा के प्रारंभ मे विद्यार्थियों के साथ बातचीत करना, उनका स्वागत करना एवं विषय वस्तु के साथ जुड़ाव बनाकर कक्षा की शुरुआत करने का आपका प्रयास प्रसंशनीय हैं, इस प्रयास को नियमित रखें एवं इसमें नवाचार के बारे में भी सोचें। | DC1: पाठ को और अधिक रुचिकर एवं प्रभावी बनाने के लिए विभिन्न तरीके जैसे व्याख्यान पद्धति, टीएलएम और विद्यार्थी गतिविधियों का उपयोग करने पर विचार करें और विद्यार्थियों की सहभागिता बढाएं। | DD1: अलग-अलग शिक्षण आवश्यकताओं को पूरा करने के लिए विविध शिक्षण विधियों/तरीकों का उत्कृष्ट उपयोग किया जा रहा है; समग्र सीख और सहभागिता आधारित शिक्षण को इसी तरह जारी रखें। | DE1: Option 1: विद्यार्थियों को प्रश्न पूछने, विचार साझा करने और चर्चाओं में भाग लेने के अवसर प्रदान करके उनकी अधिकतम भागीदारी को प्रोत्साहित करें। | DF1: Option 2: आपने पढ़ाते समय कुछ विद्यार्थियों को शामिल करने का अच्छा प्रयास किया; शिक्षण में अधिकतम विद्यार्थियों को शामिल करने के लिए आपको सहभागिता बढ़ाने के तरीकों को अपनाना चाहिए। (जैसे कोल्ड कालिंग, TPS, चर्चा आदि) | DG1: Option 3: कक्षा में विद्यार्थियों की सक्रिय भागीदारी और सहभागिता को बढ़ावा देने में आप बहुत बढ़िया काम कर रहे हैं; इसी तरह सीखने के परस्पर संवादात्मक (इंटरैक्टिव) वातावरण को बढ़ावा देते रहें। | DH1: Hook - हुक एक छोटी सी गतिविधि होती है ( जैसे कविता/कहानी/तथ्य/किस्सा/पहेली आदि) जिसे शिक्षक पढ़ाए जाने वाले पाठ के शुरू में, उस विषय में रुचि उत्पन्न करने के लिए उपयोग कर सकते हैं। हुक सीमित अवधि का होता है (3 मिनट से कम) विषय से संबंधित होता है और रुचिकर होना चाहिए। | DI1: TPS (थिंक-पेयर-शेयर)- जब शिक्षक कोई प्रश्न पूछते हैं, तो TPS तकनीक का उपयोग विद्यार्थियों को उस प्रश्न पर जवाब देने से पहले सहपाठी के साथ जोड़ी बनाकर सोचने, विचार करने और चर्चा करने का अवसर देने के लिए किया जाता है। | DJ1: समूह में चर्चा - यह विद्यार्थियों को अपने विचार व्यक्त करने और अन्य विचारों को सुनने का अवसर प्रदान करती है। | DK1: ऑडियो-वीडियो: इनके उपयोग से शिक्षण के तरीके में परिवर्तन विद्यार्थियों का ध्यान आकर्षित करने में मदद कर सकता है और उन्हें कक्षा मे रुचि एवं सक्रियता के साथ जोड़े रख सकता है। कुछ अवधारणाएँ (विशेष रूप से अमूर्त/जटिल) ऑडियो-वीडियो विधि के माध्यम से सरल और प्रभावी तरीके से समझायी जा सकती हैं। | DL1: Option 1 : विद्यार्थियों में पाठ के विषय के बारे में सोचने और अपने विचार बनाने को प्रोत्साहित करने और उनकी समझ/सीख का आकलन करने के लिए पाठ के दौरान प्रश्नों का उपयोग करें, यह शिक्षण प्रक्रिया का एक अभिन्न अंग है। | DM1: Option2 :आपने बंद-छोर वाले प्रश्नों का उपयोग करने का अच्छा प्रयास किया; इसको आगे बढ़ाते हुए आलोचनात्मक सोच और कक्षा में अधिक जुड़ाव को प्रोत्साहित करने के लिए खुले-छोर वाले प्रश्नों को शामिल करने का प्रयास करें। | DN1: Option3 :आपने प्रश्न के अलग-अलग प्रकारों का संतुलित उपयोग करने का उत्कृष्ट प्रयास किया; कक्षा में पढ़ाते समय इसी तरह विद्यार्थियों द्वारा विचारों की अभिव्यक्ति एवं सक्रिय भागीदारी को बढ़ाते रहें। | DO1: Option 1 : विद्यार्थियों के आत्मविश्वास और समझ/सीख को बढ़ाने के लिए उनसे प्रतिक्रिया लेने से पहले प्रश्न को समझने और जवाब सोचने के लिए स्पष्ट रूप से कह कर पर्याप्त समय देने पर विचार करें। | DP1: Option 2 : आपका विद्यार्थियों की प्रतिक्रिया लेने से पहले थोड़ा रुकने का प्रयास अच्छा है; विद्यार्थियों को सोचने का और समय प्रदान करने से और गहराई से सोचने एवं विचार करके उत्तर देने के लिए प्रोत्साहित किया जा सकता है। | DQ1: Option 3 : आपका विद्यार्थियों को सोचने और जवाब देने के लिए पर्याप्त समय देने का प्रयास बहुत उत्कृष्ट है; इसी तरह विद्यार्थियों को गहराई से चिंतन करने के वातावरण को बढ़ावा देते रहें। | DR1: Option 1 : सभी विद्यार्थियों की सक्रिय भागीदारी सुनिश्चित करने और उन्हें व्यक्तिगत रूप से समझने के लिए प्रत्येक विद्यार्थी को प्रतिक्रिया देने के अवसर प्रदान करें साथ ही छात्रों को इसके लिए प्रोत्साहित करें। | DS1: Option 2 : आपका स्वेच्छा से उत्तर देने वाले विद्यार्थियों पर ध्यान देना या उन्हें संबोधित करना/उत्तर प्राप्त करना एक अच्छा तरीका है; हालांकि कक्षा में विद्यार्थियों के बड़े समूह को शिक्षण प्रक्रिया में शामिल करने के लिए विद्यार्थियों का चयन अनियमित या रेन्डम आधार पर करें इसके लिए कोल्ड कालिंग का उपयोग कर सकते हैं। | DT1: Option 3 : आपका समान एवं निष्पक्ष भागीदारी सुनिश्चित करने के लिए विद्यार्थियों के चयन की अनियमित या रेन्डम तकनीक का उपयोग करना उत्कृष्ट प्रयास हैं; सभी विद्यार्थियों की समझ के स्तर को जानने के साथ-साथ उनके जुड़ाव को बढ़ावा देने के लिए इन तरीकों का अच्छी तरह से उपयोग करना जारी रखें। | DU1: If Option 1 or 2 are selected : समझ की जांच के लिए कुछ बुनियादी तकनीकों का अच्छा उपयोग किया। साथ ही विद्यार्थियों की समझ की और गहराई से जांच करने के लिए अधिक विस्तृत/व्यापक आकलन के तरीकों को शामिल करने पर विचार करें (जैसे एग्जिट टिकट, व्यक्तिगत प्रश्न पूछना आदि) | DV1: Option 3 : आपका आकलन के माध्यम से सक्रिय रूप से समझ की जाँच करने का तरीका उत्कृष्ट हैं; समग्र शिक्षण सुनिश्चित करने के लिए इसी तरह जांच के तरीकों का उपयोग करते रहें। | DW1: Option 4 : पाठ के दौरान विद्यार्थियों की समझ को नियमित रूप से जाँचना शिक्षण प्रक्रिया को और बेहतर बनाता है, विद्यार्थियों की समझ की और गहराई से जांच करने के लिए विस्तृत/व्यापक आकलन के तरीकों को शामिल करने पर विचार करें (जैसे एग्जिट टिकट, व्यक्तिगत प्रश्न पूछना आदि) | DX1: Option 1 :विद्यार्थियों को स्वयं अवधारणाओं का अभ्यास करने और उनकी समझ और प्रगति के स्तर को जानने के लिए स्वतंत्र कार्य समय (Independent work time) को शामिल करें। | DY1: Option 2 : बहुत अच्छा है कि विद्यार्थियों को स्वतंत्र कार्य (Independent work) का समय दिया जाता है;इसके साथ ही कक्षा में भ्रमण करते हुए विद्यार्थियों को सहयोग करते रहें ताकि ये सुनिश्चित किया जा सके कि वे सही दिशा मे कार्य कर रहे हैं, और उन्हें विश्वास हो कि शिक्षक उनकी मदद के लिए हैं, और आप प्रत्येक विद्यार्थी की समझ और प्रगति के स्तर को जान सके । | DZ1: Option 3 : बहुत अच्छा है कि विद्यार्थियों को स्वतंत्र कार्य (Independent work) का समय दिया जाता है;इसके साथ ही आप कक्षा में भ्रमण भी कर रहें हैं। भ्रमण करते हुए विद्यार्थियों को सहयोग करते रहें ताकि ये सुनिश्चित किया जा सके कि वे सही दिशा मे कार्य कर रहे हैं, और उन्हें विश्वास हो कि शिक्षक उनकी मदद के लिए हैं, और आप प्रत्येक विद्यार्थी की समझ और प्रगति के स्तर को जान सके । | EA1: Option 4 : स्वतंत्र कार्य (Independent work) का समय प्रदान करने और विद्यार्थियों के साथ सक्रिय रूप से जुडने का आपका प्रयास बहुत उत्कृष्ट है; इससे विद्यार्थियों को सीखने मे सहयोग प्राप्त होता हैं एवं उनकी समझ एवं प्रगति के स्तर को जान पाते हैं। | EB1: Option 1 : विद्यार्थियों में आपस में सीखने और मिलकर समस्या-समाधान को प्रोत्साहित करने के लिए जोड़े या समूह में गतिविधि करना शामिल करें । जैसे - थिंक पेयर-शेयर, समूह कार्य आदि। | EC1: Option 2 : आप जोड़े या समूह में सीखने के अवसर देने का अच्छा उपयोग कर रहे है; इसके साथ जब विद्यार्थी एक-दूसरे के साथ मिलकर गतिविधि कर रहे हों तब आप कक्षा में भ्रमण कर उनका सहयोग एवं मार्गदर्शन करें । | ED1: Option 3 : आप जोड़े या समूह में सीखने के अवसर देने का अच्छा उपयोग कर रहे है; इसके साथ जब विद्यार्थी एक-दूसरे के साथ मिलकर गतिविधि कर रहे हों तब आप कक्षा में भ्रमण कर उनका सहयोग एवं मार्गदर्शन अवश्य करें । | EE1: Option 4 : आप विद्यार्थियों की सहभागिता एवं समझ के स्तर को बढ़ाते हुए एक दूसरे से सीखने को बढ़ावा दे रहे हैं साथ ही सक्रिय रूप से कक्षा में भ्रमण करते हुए आप विद्यार्थियों की सहायता के लिए अपनी उपलब्धता सुनिश्चित कर रहे हैं। | EF1: Option 1 : कक्षा का वातावरण सम्मानजनक और सकारात्मक बनाए रखना बहुत महत्वपूर्ण है, इससे कक्षा में विद्यार्थी सुरक्षित महसूस करते हैं; सीखने के अनुकूल वातावरण बनाने हेतु कृपया यह सुनिश्चित करें कि विद्यार्थियों के साथ सभी बातचीत सहायक और प्रोत्साहित करने वाली हो। | EG1: Option 2 : कक्षा का वातावरण सम्मानजनक और सहयोगी बनाने के लिए आप बहुत ही बढ़िया काम कर रहे हैं; इसी तरह विद्यार्थियों के विकास और सीखने के लिए सकारात्मक एवं सम्मानजनक वातावरण बनाए रखें। | EH1: Option 1 : कक्षा में सकारात्मक और प्रेरणादायी भाषा के उपयोग का आप बहुत अच्छा प्रयास कर रहे हैं; यह कक्षा का वातावरण उत्साहजनक और सहयोगी बनाने मे मदद करता है। | EI1: Option 2 : कक्षा में विद्यार्थियों को प्रेरित करने और एक सुरक्षित व सकारात्मक कक्षा संस्कृति को बढ़ावा देने के लिए उत्साहवर्धक एवं सकारात्मक भाषा का उपयोग करें। जैसे : विद्यार्थी के प्रयास की सराहना करना या सकारात्मक व्यवहार प्रदर्शित करने पर ताली बजाना आदि। | EJ1: Option 1 : एक व्यवस्थित और सीखने के लिए अनुकूल कक्षा वातावरण के लिए कक्षा के नियम और दिनचर्या/रूटीन तय करना बहुत महत्वपूर्ण हैं। व्यवस्थित कक्षा एवं बेहतर परिणामों के लिए शुरू से ही विद्यार्थियों के साथ अपेक्षाएँ तय करने और उन्हें लगातार लागू करने पर विचार करें। | EK1: Option 2 : कक्षा के नियम और दिनचर्या/रूटीन तय करने का अच्छा प्रयास शुरू किया है; इसके साथ ही यह सुनिश्चित करें कि कक्षा में व्यवस्था बनाए रखने और पूरे पाठ के दौरान विद्यार्थियों का ध्यान सुनिश्चित करने के लिए कक्षा के नियम एवं रूटीन को लगातार बढ़ावा दिया जाए और उनका नियमित पुनर्बलन किया जाए। | EL1: Option 3 : कक्षा के नियम और दिनचर्या को निर्धारित करने और लगातार पुनर्बलन करने हेतु बेहतर प्रयास कर रहे हैं, जरूरी है कि यह प्रभावी भी हो। विद्यार्थियों से नियम या रूटीन कि चर्चा अवश्य करें एवं मिलकर तय करें ताकि यह प्रभावी हो। | EM1: Option 4 : कक्षा के नियम और दिनचर्या को निर्धारित करने और लगातार पुनर्बलन करने हेतु उत्कृष्ट कार्य कर रहे हैं, यह सीखने के वातावरण को सकारात्मक और अनुशासित बनाने में मदद करता है। | EN1: Option 1 : विद्यार्थियों को रूढ़िवादिता और भेदभाव के बारे में संवेदनशील बनाकर समावेशिता को सजगता के साथ बढ़ावा देने में बहुत बढ़िया काम किया; इससे कक्षा का वातावरण सम्मानजनक और सहयोगी बनता है। | EO1: Option 2 : किसी भी तरह की रूढ़िवादिता या भेदभाव से बचना महत्वपूर्ण है; विद्यार्थियों के समक्ष सम्मानजनक और समावेशी व्यवहार का आदर्श प्रस्तुत करें जिससे वे आपका अनुसरण करते हुए इसके महत्त्व को समझ सकें और अपने व्यवहार में ला सकें। | EP1: Option 3 : सभी विद्यार्थियों के लिए समावेशी और सम्मानजनक सीखने के वातावरण को बढ़ावा देने के लिए रूढ़िवादिता और भेदभाव के मुद्दों पर सजगता के साथ ध्यान दे, बातचीत करें एवं उनकी समझ बनाएं। | EQ1: Option 1 : यह देखकर अच्छा लगा कि कक्षा का माहौल रूढ़िवादिता या भेदभाव की घटनाओं से मुक्त था, जिससे सभी विद्यार्थियों के लिए समावेशी और सम्मानजनक माहौल बना। | ER1: Option 2 : रूढ़िवादिता या भेदभाव की किसी भी घटना को तुरंत संबोधित करना अति महत्वपूर्ण है, ऐसा करने से कक्षा में एक सुरक्षित वातावरण बनेगा; कक्षा में समावेशी माहौल को बढ़ावा देने के लिए विद्यार्थियों के साथ बातचीत/दखल करने पर विचार करें। | ES1: Option 3: रूढ़िवादिता या भेदभाव की किसी भी घटना को संबोधित करने और हल करने तथा सभी विद्यार्थियों के लिए सकारात्मक और समावेशी कक्षा वातावरण सुनिश्चित करने का एक शिक्षक के तौर पर अनुकरणीय प्रयास है। | ET1: हाँ: यह देखकर बहुत अच्छा लगा कि आप के पास पाठ योजना है; यह आपकी तैयारी को दर्शाता ही है और साथ ही पाठ को व्यवस्थित तरीके से पढ़ाने में मदद करता है। | EU1: नहीं: व्यवस्थित तरीके से पढ़ाने के लिए पाठ योजना का उपयोग करने पर विचार करें और पाठ के दौरान सभी प्रमुख शिक्षण बिंदु और गतिविधियाँ प्रभावी रूप से शामिल करना सुनिश्चित करें। | EV1: पाठ योजना में सीखने के प्रतिफल (LO) शामिल करने से शिक्षक को यह स्पष्टता मिलती है कि पाठ के अंत तक उन्हें क्या सिखाना चाहिए या विद्यार्थी क्या सीख पाएंगे | EW1: TLM/शिक्षण अधिगम सामग्री (टीएलएम) का इस्तेमाल विद्यार्थियों के सीखने को आसान बनाने के लिए किया जाता है. TLM से विद्यार्थियों को ज्ञान समझने में मदद मिलती है और उनका आत्मविश्वास भी बढ़ता है. टीएलएम का इस्तेमाल करने से कक्षा में शिक्षण और सीखने का अनुभव बेहतर होता है। | EX1: यदि गतिविधियाँ शामिल नहीं की जातीं हैं या पहले से नहीं सोची जाती तो कक्षा में विद्यार्थियों की सहभागिता सुनिश्चित करना एवं शिक्षक के कार्य और विद्यार्थी के कार्य देखना मुश्किल होता है। | EY1: पाठ योजना में समझ की जांच हेतु प्रश्नों को शामिल करने से शिक्षक यह जान पाते हैं कि विद्यार्थी जिस विषय को पढ़ रहे हैं, उस पर वे कितनी समझ विकसित कर पा रहे हैं। | EZ1: गृहकार्य विद्यार्थीयों के लिए बहुत ज़रूरी होता है। यह उन्हें पढ़े गए विषयों को दोहराने और अभ्यास करने का मौका देता है और गृहकार्य से विद्यार्थियों में स्व-अध्ययन की क्षमता भी विकसित होती है। | FA1: पाठ योजना में कुछ मुख्य घटक जैसे सीखने के प्रतिफल, आवश्यक सामग्री, गतीविधियों का विवरण, समझ की जांच एवं गृहकार्य को सम्मिलित करना आवश्यक है जिससे कक्षा में उसे प्रभावी रूप से सम्मिलित किया जा सके। | FB1: Option 1: कक्षा का संचालन पाठ योजना के अनुसार करने का आपका प्रयास अच्छा हैं; यह सुनिश्चित करता है कि पाठ योजना के सभी उद्देश्य और गतिविधियाँ प्रभावी और व्यवस्थित रूप से शामिल की गई हैं। | FC1: Option 2: पाठ संचालन आंशिक रूप से पाठ योजना के अनुरूप था; यह सुनिश्चित करने का प्रयास करें कि सत्र के दौरान सभी प्रमुख तत्वों और उद्देश्यों को पूरी तरह शामिल किए गए हैं। | FD1: Option 3: पाठ संचालन, पाठ योजना के अनुरूप नहीं था; सभी निर्धारित उद्देश्यों की प्राप्ति सुनिश्चित करने के लिए व्यवस्थित पाठ योजना निर्माण एवं पढ़ाने के दौरान योजना का पालन करना बहुत आवश्यक हैं। | FE1: यदि सभी चयनित हैं: बहुत अच्छा कार्य! पढ़ाए गए पाठ में लगभग सभी महत्वपूर्ण घटक शामिल थे जैसे- विषय से संबंधित गतिविधियाँ, समझ की जांच के लिए प्रश्न, गृहकार्य। | FF1: यदि केवल एक या दो विकल्प चुने गए हैं: एक पाठ को अच्छे से पढ़ाते समय उसमें विषय से संबंधित गतिविधियाँ, समझ की जांच के लिए प्रश्न, गृहकार्य जैसे घटक शामिल होने चाहिए। | FG1: अगर उपरोक्त में से कोई भी नहीं - एक पाठ को अच्छे से पढ़ाते समय उसमें विषय से संबंधित गतिविधियाँ, TLM का उपयोग, समझ की जांच के लिए प्रश्न, गृहकार्य जैसे घटक शामिल होने चाहिए। | FH1: Option 1: बिना किसी देरी के नियमित रूप से जाँची जाती है: यह बहुत अच्छा काम किया गया है कि विद्यार्थियों की नोटबुक को तुरंत सुधारा जाता है; इससे उनके सीखने मे सहायता करने के लिए तुरंत सुधारात्मक प्रतिक्रिया देने में मदद मिलती है। | FI1: Option 2: सुनिश्चित करें कि विद्यार्थियों की नोटबुक नियमित रूप से उचित समय-सीमा में जांची जाती है, क्योंकि समय पर जाँचना उनके सीखने की प्रगति के लिए महत्वपूर्ण है। | FJ1: Option 3 : सुनिश्चिiत करें कि विद्यार्थियों की नोटबुक को अवश्य जाँचा जाए, और इस प्रक्रिया को नियमित रूप से उचित समय-सीमा में किया जाए, क्योंकि समय पर जाँचना उनके सीखने की प्रगति के लिए महत्वपूर्ण है। | FK1: Option 1: विद्यार्थियों के काम में त्रुटियों की पहचान करना और उन्हें सुधारना उनकी समझ और सुधार हेतु सहायता करने के लिए महत्वपूर्ण है। स्पष्ट सुधार के बिन्दु बताना एवं समझाना सुनिश्चित करें। | FL1: Option 2: त्रुटियों की पहचान की जा रही है, विद्यार्थियों को उनके सीखने में मार्गदर्शन करने और गलतियों को दोहराने से बचने में मदद करने के लिए उनके सुधार बिन्दु बताना एवं उन्हें समझाना भी महत्वपूर्ण है। | FM1: Option 3: अधिकांश त्रुटियों की पहचान करने और उन्हें सुधारने का कार्य उत्कृष्ट हैं ; यह विद्यार्थियों के सीखने में सहायता करता है और उन्हें पाठ्य सामग्री पर अपनी समझ को बेहतर बनाने में मदद करता है। | FN1: Option 1: विद्यार्थियों के विकास के लिए लिखित प्रतिक्रिया देना महत्वपूर्ण है; सुनिश्चित करें कि रचनात्मक टिप्पणियाँ शामिल हों जो विद्यार्थियों को उनके काम को बेहतर बनाने में मार्गदर्शन करें। | FO1: Option 2: सामान्य टिप्पणियाँ सुधार के लिए पर्याप्त मार्गदर्शन प्रदान नहीं करती हैं; विशिष्ट और रचनात्मक फीडबैक देने का लक्ष्य रखें जिससे विद्यार्थियों को अपने मजबूत पक्ष एवं सुधार के क्षेत्रों के बारे मे जानकारी प्राप्त होती हैं। | FP1: Option 3: विशिष्ट और करने योग्य प्रतिक्रिया प्रदान करने में बहुत अच्छा कार्य; इससे विद्यार्थियों को अपने मजबूत पक्ष एवं सुधार के क्षेत्रों के बारे मे जानकारी प्राप्त होती हैं। | FQ1: Option 1 : नोटबुकको साफ - सुथरा रखनेऔर प्रस्तुति पर फीडबैक देने पर विचार करें; क्योंकि यह विद्यार्थियों को उनके काम पर गर्व करने और काम को प्रस्तुत करने के कौशल विकसित करने के लिए प्रोत्साहित करता है। | FR1: Option 2 : विद्यार्थियों को स्पष्ट, साफ- सुथरा और व्यवस्थित काम के महत्व को समझने में मदद करने के लिए नोटबुक की साफ-सफाई और प्रस्तुति पर लगातार फीडबैक देना महत्वपूर्ण है। | FS1: Option 3 : नोटबुकको साफ- सुथरा रखनेऔर प्रस्तुति पर लगातार फीडबैक देने में बहुत बढ़िया काम किया है; इससे विद्यार्थियों को उनके काम में स्पष्टता और व्यवस्थित होने के महत्व को समझने में मदद मिलती है। | FT1: Option 1 or 2: पठन-पाठन में नोटबुक एक महत्वपूर्ण संसाधन है, क्योंकि इससे विद्यार्थियों को विषयों को समझने में मदद मिलती है। नोटबुक में लिखे गए नोट्स, विद्यार्थियों को बाद में पढ़ने और अभ्यास करने में मदद करते हैं। साथ ही, नोटबुक से विद्यार्थियों के विचारों को व्यवस्थित करने में भी मदद मिलती है। | FU1: Option 3: अपनी कक्षा में आप अधिकतम विद्यार्थियों के द्वारा नोटबुक में कार्य सुनिश्चित कर रहे हैं, आपके प्रयास सराहनीय हैं और आप ऐसे ही सुनिश्चित करते रहें की सभी विद्यार्थी नोटबुक में नियम से कार्य करते रहें | FV1: कक्षा मे शिक्षण के दौरान विषय से जुड़ी पुस्तकें विद्यार्थियों को विषय वस्तु से जुड़ाव बनाने मे मदद करती हैं , इसलिए विद्यार्थियों को विषय से जुड़ी पुस्तकें अपने पास रखने के लिए प्रोत्साहित करें। | FW1: सन्दर्भ पोस्टर्स, माइंड मैप्स, फ्लोचार्ट्स और डायग्राम जैसे चार्ट जटिल विचारों को सरल तरीके से प्रस्तुत करते हैं, जिससे छात्रों को समझने और याद रखने में मदद मिलती है। ये त्वरित संदर्भ के रूप में काम करते हैं, मुख्य अवधारणाओं को मजबूत करते हैं और सक्रिय अधिगम को प्रोत्साहित करते हैं। | FX1: पुराने चार्ट और पोस्टर्स को नियमित रूप से अपडेट करें, ताकि ये वर्तमान पाठ्यक्रम से प्रासंगिक रहें एवं इनमें दी गयी जानकारी देखी/समझी जा सकती है। | FY1: When either option ii or iii is selected -इस प्रक्रिया में विद्यार्थियों के द्वारा बनाए गए चार्ट और सामग्री से उनकी कक्षा में सहभागिता और जुड़ाव बढ़ता है, साथ ही अवधारणा पर समझ भी बेहतर होती है। | FZ1: Option 1 - कक्षा में मौजूद चार्ट/पोस्टर प्रासंगिक विषयों पर हैं जिन्हें वर्तमान में कक्षा में शामिल/पढ़ाया जा रहा है। यह कक्षा के सीखने के वातावरण को और बेहतर बनाता है। | GA1: Option 2 - कक्षा में मौजूद चार्ट/पोस्टर प्रासंगिक विषयों पर हैं यह सरहनीय है, लेकिन इन्हें वर्तमान में कक्षा में शामिल/पढ़ाया जाना भी सुनिश्चित करें। | GB1: Option 3- कक्षा में मौजूद चार्ट/पोस्टर प्रासंगिक विषयों पर होना और इन्हें वर्तमान में कक्षा में शामिल/पढ़ाया जाना सुनिश्चित करें। यह कक्षा के सीखने के वातावरण को और बेहतर बनाता है। | GC1: शिक्षिका/शिक्षक के साथ साझा किए गए 3 सकारात्मक बिन्दु (फीडबैक) लिखे | GD1: शिक्षिका/शिक्षक के साथ साझा किए गए 3 रचनात्मक बिन्दु (स्कोप/फीडबैक) लिखे | GE1: क्या आपको अपने प्रोफेशनल डेवलपमेंट मे किसी सहायता की आवश्यता है? यदि हाँ तो विस्तार मे बताए (पीपुल की और से) - | GF1: शिक्षक या विध्यालय से जुड़ी कोई अन्य जानकारी | GG1: संभाग | GH1: संभाग | GI1: जिला | GJ1: ब्लॉक | GK1: मास्टर ट्रैनर का नाम | GL1: विषय | GM1: _id | GN1: _uuid | GO1: _submission_time | GP1: _validation_status | GQ1: _notes | GR1: _status | GS1: _submitted_by | GT1: __version__ | GU1: _tags | GV1: meta/rootUuid | GW1: _index
A2: 45891.369 | B2: 45891.391 | H2: 45891 | I2: Amit Pradhan | L2: Yes | M2: Dindori | N2: Mehandwani | O2: 23411509502 | P2: Shama Anjum Qureshi | Q2: Science | R2: हाँ | U2: महिला | Y2: कक्षा 8 | Z2: 0 | AA2: 0 | AB2: 1 | AC2: 300 | AD2: 300 | AE2: 300 | AF2: Teaching | AG2: विज्ञान | AH2: 0 | AI2: 0 | AJ2: 0 | AK2: 0 | AL2: 0 | AM2: 0 | AN2: 1 | AO2: 0 | AP2: 0 | AR2: विज्ञान | AS2: 18 | AT2: 11 | AU2: iv.शिक्षक कक्षा के प्रारंभ में विद्यार्थियों का स्वागत करते हैं, उनका हाल चाल लेते हुए विषय पर हुक/चर्चा के माध्यम से उनका विषय वस्तु के साथ जुड़ाव बनाकर सकारात्मक शुरुआत करते हैं। | AV2: i. व्याख्यान करते हैं। | AW2: 1 | AX2: 0 | AY2: 0 | AZ2: 0 | BA2: 0 | BC2: ii.10% - 40% विद्यार्थियों की सहभागिता है और शिक्षक ही अधिकांशतः बोल रहे हैं। | BD2: i.हुक का प्रयोग | BE2: 1 | BF2: 0 | BG2: 0 | BH2: 0 | BI2: 0 | BJ2: 0 | BK2: iii.शिक्षक बंद और खुले-छोर (close & open-ended questions) वाले प्रश्नों को मिश्रित रूप से पूछते हैं | BL2: i.कोई समय नहीं दिया गया, मुख्यतः तत्काल प्रतिक्रिया मांगी गई। | BM2: i.शिक्षक अधिकांशत: प्रश्नों पर विद्यार्थियों से सामूहिक प्रतिक्रियाएँ लेते हैं। | BN2: i. अधिकांशतः हाँ/ना में सामूहिक उत्तर लेना | BO2: i.शिक्षक स्वतंत्र कार्य के लिए विद्यार्थियों को समय नहीं देते हैं। | BP2: i.शिक्षक विद्यार्थियों को समूह कार्य के अवसर प्रदान नहीं करते हैं। | BQ2: ii.नहीं | BS2: ii.नहीं | BT2: i.कक्षा के नियम या दिनचर्या/रूटीन निर्धारित नहीं हैं। | BU2: iii.नहीं देखा गया (शिक्षक ने न तो रूढ़िवादिता या भेदभाव को बढ़ावा दिया/अभ्यास किया और न ही विद्यार्थियों को रूढ़िवादिता या भेदभाव के बारे में जागरूक किया) | BV2: i.अवलोकन के दौरान रूढ़िवादिता या भेदभाव की कोई घटना नहीं देखी गई। | BW2: ii.नहीं | CF2: iii.समझ की जाँच (CFU) प्रश्न | CG2: 0 | CH2: 0 | CI2: 1 | CJ2: 0 | CK2: 0 | CL2: 3.कभी जाँची नहीं जाती | CM2: 1.त्रुटियों की न तो पहचान की जाती है और न ही उन्हें सुधारा जाता है। | CN2: 1.कोई फीडबैक नहीं दिया गया। | CO2: 1.नोटबुक को साफ़ सुथरा रखने और प्रस्तुतिकरण पर कोई टिप्पणी या फीडबैक नहीं। | CP2: i.अवलोकन के दौरान विषय-विशिष्ट नोटबुक नहीं पायी गईं। | CQ2: 6 | CR2: ii.नहीं | CV2: ii.कोई दो विद्यार्थी धाराप्रवाह के साथ पढ़ पा रहें हैं। | CW2: ii.कोई दो विद्यार्थीपढ़े हुए पैराग्राफ का कम से कम 70% समझ पा रहें हैं। | CX2: ii.किन्ही दो विद्यार्थियों ने बिना किसी त्रुटि के लिखा है। | GC2: 1) Ma'am asked a lot of questions during her teaching, both open and closed. I appreciated it. 2) Ma'am taught with the local context in mind, used words like गंठी , फावड़ा एंड तागाडीया 3) Gave individual attention to one of the children who was not getting involved in the teaching process. | GD2: 1) Using Cold Calling in the classroom 2) Asking more CFUs and giving wait time for students to answer [ gave only 2 pointers ] | GE2: - | GF2: Students from Dindori side could not come till August as the connecting bridge had been damaged. In Science , the course had not yet been started. The school did not have electricity connection- for grade 8 , when the weather is not sunny, the classroom gets pretty dark. | GM2: 694202711 | GN2: b7df1b3d-9a55-490f-8c6a-e28a68f09caf | GO2: 45891.162 | GR2: submitted_via_web | GT2: vVLoBVrPnDmiCZ8fxF6Nin | GV2: uuid:b7df1b3d-9a55-490f-8c6a-e28a68f09caf | GW2: 1
A3: 45891.533 | B3: 45891.563 | C3: 23.06621 75.853373 434.793701171875 100 | D3: 23.06621 | E3: 75.853373 | F3: 434.7937 | G3: 100 | H3: 45891 | I3: Rahul Kumar | L3: Yes | M3: Ujjain | N3: Ujjain Rural | O3: 23210104102 | P3: Bhupendra Singh Rathore | Q3: Science | R3: हाँ | U3: पुरुष | Y3: कक्षा 7 | Z3: 0 | AA3: 1 | AB3: 0 | AC3: 25 | AD3: 10 | AE3: 25 | AF3: Teaching | AG3: अन्य | AH3: 0 | AI3: 0 | AJ3: 0 | AK3: 0 | AL3: 0 | AM3: 0 | AN3: 0 | AO3: 0 | AP3: 1 | AQ3: NA | AR3: विज्ञान | AS3: 47 | AT3: 42 | AU3: iii.शिक्षक कक्षा की शरुआत रोचक तरीके से हुक तकनीक के उपयोग से करते है (हुक: एक तकनीक जो विद्यार्थियों को आकर्षित करने के लिए पाठ का परिचय कहानी, वस्तुओं, तथ्य और प्रश्नों के माध्यम से किया जाता है। यह 30 सेकण्ड से 3 मिनट का एक छोटा भाग होता है।) | AV3: i. व्याख्यान करते हैं। iii. टीएलएम का उपयोग करते हैं (पाठ्यपुस्तक और ब्लैक/वाइट बोर्ड के अलावा) iv. गतिविधि या खेल | AW3: 1 | AX3: 0 | AY3: 1 | AZ3: 1 | BA3: 0 | BC3: ii.10% - 40% विद्यार्थियों की सहभागिता है और शिक्षक ही अधिकांशतः बोल रहे हैं। | BD3: i.हुक का प्रयोग | BE3: 1 | BF3: 0 | BG3: 0 | BH3: 0 | BI3: 0 | BJ3: 0 | BK3: iii.शिक्षक बंद और खुले-छोर (close & open-ended questions) वाले प्रश्नों को मिश्रित रूप से पूछते हैं | BL3: iii.समय दिया गया और अधिकांशतः सोचने के लिए पर्याप्त था। | BM3: i.शिक्षक अधिकांशत: प्रश्नों पर विद्यार्थियों से सामूहिक प्रतिक्रियाएँ लेते हैं। | BN3: ii.हाँ, अधिकांशतः कुछ बुनियादी समझ की जाँच की तकनीक (हाथ उठाना, अंगूठा दिखाना, आदि) का प्रयोग किया गया | BO3: iv.शिक्षक स्वतंत्र कार्य के लिए विद्यार्थियों को समय देते हैं और विद्यार्थियों के कार्य की जाँच करने और उनकी सहायता करने के लिए कक्षा में भ्रमण भी करते हैं। | BP3: i.शिक्षक विद्यार्थियों को समूह कार्य के अवसर प्रदान नहीं करते हैं। | BQ3: ii.नहीं | BS3: i.हाँ | BT3: iv.कक्षा के नियम या दिनचर्या/रूटीन निर्धारित हैं और आवश्यकता अनुसार लगातार सुदृढ़ किए जाते हैं एवं प्रभावी भी हैं। | BU3: iii.नहीं देखा गया (शिक्षक ने न तो रूढ़िवादिता या भेदभाव को बढ़ावा दिया/अभ्यास किया और न ही विद्यार्थियों को रूढ़िवादिता या भेदभाव के बारे में जागरूक किया) | BV3: i.अवलोकन के दौरान रूढ़िवादिता या भेदभाव की कोई घटना नहीं देखी गई। | BW3: i.हाँ | BX3: ii.आवश्यक सामग्री (जैसे: टीएलएम) iii.गतिविधियों का विवरण (जैसे: प्रयोग, खेल, चर्चा, समूह कार्य आदि) iv.समझ की जांच (CFU) हेतु प्रश्न v.गृहकार्य | BY3: 0 | BZ3: 1 | CA3: 1 | CB3: 1 | CC3: 1 | CD3: 0 | CE3: i.हाँ, पूरी तरह से | CF3: i.TLM का उपयोग किया ii.विषय से संबंधित गतिविधियाँ iii.समझ की जाँच (CFU) प्रश्न iv.गृहकार्य देना | CG3: 1 | CH3: 1 | CI3: 1 | CJ3: 1 | CK3: 0 | CL3: 1. नियमित रूप से बिना देरी के तुरंत जाँची जाती है। | CM3: 3.अधिकांश त्रुटियों की पहचान की जाती है और उन्हें सुधारा जाता है। | CN3: 2.“अच्छा” या “ठीक है” जैसी सामान्य टिप्पणियाँ लिखी गईं। | CO3: 1.नोटबुक को साफ़ सुथरा रखने और प्रस्तुतिकरण पर कोई टिप्पणी या फीडबैक नहीं। | CP3: iii.50% से अधिक विद्यार्थी विषय-विशिष्ट नोटबुक में काम करते हैं। | CQ3: 8 | CR3: ii.नहीं | CV3: i.सभी तीन विद्यार्थी धाराप्रवाह के साथ पढ़ पा रहें हैं। | CW3: i.सभी तीन विद्यार्थी पढ़े हुए पैराग्राफ का कम से कम 70% समझ पा रहें हैं। | CX3: i.सभी तीन विद्यार्थियों ने बिना किसी त्रुटि के लिखा है। | GC3: 1 - प्रशिक्षण में पाठ योजना में बताये गये सभी अवयव को शामिल किया गया । 2 - हुक से कक्षा की शुरुआत हुई । 3 - कक्षा कक्ष में आस पास के वस्तुओ से प्रयोगात्मक तरीके से पढाया गया । | GD3: 1 - समझ की जाँच के प्रश्न पर कार्य किया जा सकता है । 2 - हुक को कक्षा के प्रारंभ में करना चाहिए । | GE3: ध्वनि नामक पाठ पर वीडियोज उपलब्ध हो जाये तो बच्चो को पढाने में आसानी रहेगी | GF3: NA | GM3: 694263266 | GN3: 735cd1bb-c355-48ef-be2e-5c1fb9959cec | GO3: 45891.334 | GR3: submitted_via_web | GT3: vVLoBVrPnDmiCZ8fxF6Nin | GV3: uuid:735cd1bb-c355-48ef-be2e-5c1fb9959cec | GW3: 2
A4: 45891.492 | B4: 45891.57 | H4: 45891 | I4: Dharmendra Mishra | L4: Yes | M4: Chhatarpur | N4: Ishanagaar | O4: 22390501401 | P4: Manoj Jain | Q4: Social Science | R4: हाँ | U4: पुरुष | Y4: कक्षा 6 | Z4: 1 | AA4: 0 | AB4: 0 | AC4: 324 | AD4: 156 | AE4: 156 | AF4: Teaching | AG4: सामाजिक विज्ञान | AH4: 0 | AI4: 0 | AJ4: 0 | AK4: 0 | AL4: 0 | AM4: 0 | AN4: 0 | AO4: 1 | AP4: 0 | AR4: हिन्दी | AS4: 50 | AT4: 30 | AU4: iii.शिक्षक कक्षा की शरुआत रोचक तरीके से हुक तकनीक के उपयोग से करते है (हुक: एक तकनीक जो विद्यार्थियों को आकर्षित करने के लिए पाठ का परिचय कहानी, वस्तुओं, तथ्य और प्रश्नों के माध्यम से किया जाता है। यह 30 सेकण्ड से 3 मिनट का एक छोटा भाग होता है।) | AV4: i. व्याख्यान करते हैं। ii. विद्यार्थियों से पाठ के कुछ हिस्सों को पढ़ने के लिए कहते हैं। | AW4: 1 | AX4: 1 | AY4: 0 | AZ4: 0 | BA4: 0 | BC4: ii.10% - 40% विद्यार्थियों की सहभागिता है और शिक्षक ही अधिकांशतः बोल रहे हैं। | BD4: i.हुक का प्रयोग | BE4: 1 | BF4: 0 | BG4: 0 | BH4: 0 | BI4: 0 | BJ4: 0 | BK4: ii.शिक्षक केवल बंद-छोर वाले प्रश्न (close ended) पूछते हैं | BL4: i.कोई समय नहीं दिया गया, मुख्यतः तत्काल प्रतिक्रिया मांगी गई। | BM4: ii.शिक्षक अधिकांशत: प्रश्नों पर उन विद्यार्थियों से प्रतिक्रियाएँ लेते हैं जो हाथ उठाते हैं/ कुछ विद्यार्थियों से ही उत्तर लेते हैं । | BN4: iv.समझ की जांच नहीं की गई | BO4: ii.शिक्षक स्वतंत्र कार्य के लिए विद्यार्थियों को समय देते हैं, लेकिन विद्यार्थियों के कार्य की जाँच करने और उनकी सहायता करने के लिए कक्षा में भ्रमण नहीं करते हैं। | BP4: i.शिक्षक विद्यार्थियों को समूह कार्य के अवसर प्रदान नहीं करते हैं। | BQ4: ii.नहीं | BS4: i.हाँ | BT4: i.कक्षा के नियम या दिनचर्या/रूटीन निर्धारित नहीं हैं। | BU4: iii.नहीं देखा गया (शिक्षक ने न तो रूढ़िवादिता या भेदभाव को बढ़ावा दिया/अभ्यास किया और न ही विद्यार्थियों को रूढ़िवादिता या भेदभाव के बारे में जागरूक किया) | BV4: i.अवलोकन के दौरान रूढ़िवादिता या भेदभाव की कोई घटना नहीं देखी गई। | BW4: ii.नहीं | CF4: iii.समझ की जाँच (CFU) प्रश्न iv.गृहकार्य देना | CG4: 0 | CH4: 0 | CI4: 1 | CJ4: 1 | CK4: 0 | CL4: 1. नियमित रूप से बिना देरी के तुरंत जाँची जाती है। | CM4: 3.अधिकांश त्रुटियों की पहचान की जाती है और उन्हें सुधारा जाता है। | CN4: 1.कोई फीडबैक नहीं दिया गया। | CO4: 1.नोटबुक को साफ़ सुथरा रखने और प्रस्तुतिकरण पर कोई टिप्पणी या फीडबैक नहीं। | CP4: i.अवलोकन के दौरान विषय-विशिष्ट नोटबुक नहीं पायी गईं। | CQ4: 28 | CR4: i.हाँ | CS4: i.अधिकतर नए | CT4: i.अधिकतर विद्यार्थियों द्वारा बनाए गए | CU4: iii.चार्ट/पोस्टर कक्षा से संबंधित हैं (उदाहरण के लिए कक्षा के नियम/जन्मदिन/समय-सारणी) लेकिन पढ़ाए जा रहे विषयों से प्रासंगिक नहीं हैं।) | CV4: i.सभी तीन विद्यार्थी धाराप्रवाह के साथ पढ़ पा रहें हैं। | CW4: i.सभी तीन विद्यार्थी पढ़े हुए पैराग्राफ का कम से कम 70% समझ पा रहें हैं। | CX4: i.सभी तीन विद्यार्थियों ने बिना किसी त्रुटि के लिखा है। | GC4: 1. अलग-अलग शिक्षण आवश्यकताओं को पूरा करने के लिए विविध शिक्षण विधियों/तरीकों का उत्कृष्ट उपयोग किया जा रहा है; समग्र सीख और सहभागिता आधारित शिक्षण को इसी तरह जारी रखें। 2. कक्षा का वातावरण सम्मानजनक और सहयोगी बनाने के लिए आप बहुत ही बढ़िया काम कर रहे हैं; इसी तरह विद्यार्थियों के विकास और सीखने के लिए सकारात्मक एवं सम्मानजनक वातावरण बनाए रखें। 3. यह देखकर अच्छा लगा कि कक्षा का माहौल रूढ़िवादिता या भेदभाव की घटनाओं से मुक्त था, जिससे सभी विद्यार्थियों के लिए समावेशी और सम्मानजनक माहौल बना। | GD4: 1. व्यवस्थित तरीके से पढ़ाने के लिए पाठ योजना का उपयोग करने पर विचार करें और पाठ के दौरान सभी प्रमुख शिक्षण बिंदु और गतिविधियाँ प्रभावी रूप से शामिल करना सुनिश्चित करें। 2. आपने पढ़ाते समय कुछ विद्यार्थियों को शामिल करने का अच्छा प्रयास किया; शिक्षण में अधिकतम विद्यार्थियों को शामिल करने के लिए आपको सहभागिता बढ़ाने के तरीकों को अपनाना चाहिए। (जैसे कोल्ड कालिंग, TPS, चर्चा आदि) 3. एक व्यवस्थित और सीखने के लिए अनुकूल कक्षा वातावरण के लिए कक्षा के नियम और दिनचर्या/रूटीन तय करना बहुत महत्वपूर्ण हैं। व्यवस्थित कक्षा एवं बेहतर परिणामों के लिए शुरू से ही विद्यार्थियों के साथ अपेक्षाएँ तय करने और उन्हें लगातार लागू करने पर विचार करें। | GE4: नहीं | GM4: 694266266 | GN4: c5f5a7d2-084e-4c30-9db3-3258092a3d4a | GO4: 45891.341 | GR4: submitted_via_web | GT4: vVLoBVrPnDmiCZ8fxF6Nin | GV4: uuid:c5f5a7d2-084e-4c30-9db3-3258092a3d4a | GW4: 3
A5: 45891.576 | B5: 45922.694 | H5: 45891 | I5: Aishwarya Yadav | L5: No | M5: Betul | N5: Betul | O5: 23350305003 | S5: गणित | U5: पुरुष | V5: जगदीश झाड़े | W5: BQ5822 | X5: हाँ | Y5: कक्षा 7 | Z5: 0 | AA5: 1 | AB5: 0 | AC5: 192 | AD5: 192 | AE5: 192 | AF5: Teaching | AG5: हिन्दी इंग्लिश गणित विज्ञान सामाजिक विज्ञान | AH5: 1 | AI5: 1 | AJ5: 0 | AK5: 0 | AL5: 0 | AM5: 1 | AN5: 1 | AO5: 1 | AP5: 0 | AR5: गणित | AS5: 20 | AT5: 18 | AU5: i.शिक्षक कक्षा की शुरुआत, बिना किसी भूमिका के सीधे पढ़ाने से शुरू कर देते हैं। | AV5: ii. विद्यार्थियों से पाठ के कुछ हिस्सों को पढ़ने के लिए कहते हैं। | AW5: 0 | AX5: 1 | AY5: 0 | AZ5: 0 | BA5: 0 | BC5: iii.40% या उससे अधिक (अपेक्षा अनुरूप) विद्यार्थियों की सहभागिता है। | BD5: iii.समूह चर्चा v.विद्यार्थी के कार्यों (अकादमिक/गैर अकादमिक) पर रचनात्मक फीडबैक (Constructive Feedback) | BE5: 0 | BF5: 0 | BG5: 1 | BH5: 0 | BI5: 1 | BJ5: 0 | BK5: ii.शिक्षक केवल बंद-छोर वाले प्रश्न (close ended) पूछते हैं | BL5: iii.समय दिया गया और अधिकांशतः सोचने के लिए पर्याप्त था। | BM5: iii.शिक्षक अधिकांशत: प्रश्नों पर प्रतिक्रिया हेतु रेन्डम/बिना किसी क्रम के प्रश्न पूछने की तकनीक का उपयोग करते हैं (जैसे कोल्ड कॉलिंग)। | BN5: ii.हाँ, अधिकांशतः कुछ बुनियादी समझ की जाँच की तकनीक (हाथ उठाना, अंगूठा दिखाना, आदि) का प्रयोग किया गया | BO5: iv.शिक्षक स्वतंत्र कार्य के लिए विद्यार्थियों को समय देते हैं और विद्यार्थियों के कार्य की जाँच करने और उनकी सहायता करने के लिए कक्षा में भ्रमण भी करते हैं। | BP5: iv.शिक्षक समूह में सीखने के अवसर प्रदान करते हैं और विद्यार्थियों के कार्य की जाँच करने और उनकी सहायता के लिए कक्षा में भ्रमण करते हैं। | BQ5: ii.नहीं | BS5: i.हाँ | BT5: ii.कक्षा के नियम या दिनचर्या/ रूटीन निर्धारित हैं, लेकिन नियमित रूप से सुदृढ़ नहीं किए जाते हैं (आवश्यकता होने पर भी)। | BU5: iii.नहीं देखा गया (शिक्षक ने न तो रूढ़िवादिता या भेदभाव को बढ़ावा दिया/अभ्यास किया और न ही विद्यार्थियों को रूढ़िवादिता या भेदभाव के बारे में जागरूक किया) | BV5: i.अवलोकन के दौरान रूढ़िवादिता या भेदभाव की कोई घटना नहीं देखी गई। | BW5: ii.नहीं | CF5: iii.समझ की जाँच (CFU) प्रश्न iv.गृहकार्य देना | CG5: 0 | CH5: 0 | CI5: 1 | CJ5: 1 | CK5: 0 | CL5: 1. नियमित रूप से बिना देरी के तुरंत जाँची जाती है। | CM5: 3.अधिकांश त्रुटियों की पहचान की जाती है और उन्हें सुधारा जाता है। | CN5: 1.कोई फीडबैक नहीं दिया गया। | CO5: 2.नोटबुक को साफ सुथरा रखने और प्रस्तुतिकरण पर अनियमित टिप्पणी या फीडबैक। | CP5: iii.50% से अधिक विद्यार्थी विषय-विशिष्ट नोटबुक में काम करते हैं। | CQ5: 18 | CR5: ii.नहीं | CV5: i.सभी तीन विद्यार्थी धाराप्रवाह के साथ पढ़ पा रहें हैं। | CW5: i.सभी तीन विद्यार्थी पढ़े हुए पैराग्राफ का कम से कम 70% समझ पा रहें हैं। | CX5: ii.किन्ही दो विद्यार्थियों ने बिना किसी त्रुटि के लिखा है। | GC5: कक्षा में बच्चों को सक्रिय करने हेतु आवश्यकतानुसार तकनीकों का नियमित उपयोग करना, कक्षा कक्ष में नियमों का निर्धारण कर नियमित उपयोग करना, बच्चों के कार्यों पर रचनात्मक फीडबैक प्रदान करना | GD5: आप अपनी कक्षा को बहुत अच्छे से सक्रिय बनाए हुए हैं बच्चों के साथ इसी प्रकार से शैक्षिक कार्य कराते रहिए। बच्चों के कार्यों को अपनियमित रूप से जांचते हैं इसमें सुधारात्मक बिंदुओं को भी एड कर लें तो बच्चों को अपनी गलती सुधार ने ओर इसे समझने में आसानी हो जाएगी। बच्चों के कार्यों का बच्चों से आंकलन करने की आपकी रणनीति बहुत ही प्रभावी है। | GE5: नहीं | GM5: 694295044 | GN5: ca2f701e-e632-4bd7-a9be-4c01094860bf | GO5: 45891.405 | GR5: submitted_via_web | GT5: vVLoBVrPnDmiCZ8fxF6Nin | GV5: uuid:cba1295b-29bc-4772-9175-869bdb61f9b2 | GW5: 4
A6: 45891.719 | B6: 45891.785 | C6: 19.076029 72.865921 0.0 92 | D6: 19.076029 | E6: 72.865921 | F6: 0 | G6: 92 | H6: 45891 | I6: Pushpendra Singh | L6: No | M6: Mandla | N6: Beejadandi | O6: 23421400102 | S6: गणित | U6: पुरुष | V6: Devasant Patkar | W6: BQ8331 | X6: हाँ | Y6: कक्षा 6 | Z6: 1 | AA6: 0 | AB6: 0 | AC6: 13 | AD6: 13 | AE6: 13 | AF6: Teaching | AG6: गणित विज्ञान | AH6: 0 | AI6: 0 | AJ6: 0 | AK6: 0 | AL6: 0 | AM6: 1 | AN6: 1 | AO6: 0 | AP6: 0 | AR6: गणित | AS6: 11 | AT6: 10 | AU6: i.शिक्षक कक्षा की शुरुआत, बिना किसी भूमिका के सीधे पढ़ाने से शुरू कर देते हैं। | AV6: i. व्याख्यान करते हैं। iii. टीएलएम का उपयोग करते हैं (पाठ्यपुस्तक और ब्लैक/वाइट बोर्ड के अलावा) | AW6: 1 | AX6: 0 | AY6: 1 | AZ6: 0 | BA6: 0 | BC6: ii.10% - 40% विद्यार्थियों की सहभागिता है और शिक्षक ही अधिकांशतः बोल रहे हैं। | BD6: vi.इनमें से कोई नहीं देखा गया | BE6: 0 | BF6: 0 | BG6: 0 | BH6: 0 | BI6: 0 | BJ6: 1 | BK6: iii.शिक्षक बंद और खुले-छोर (close & open-ended questions) वाले प्रश्नों को मिश्रित रूप से पूछते हैं | BL6: i.कोई समय नहीं दिया गया, मुख्यतः तत्काल प्रतिक्रिया मांगी गई। | BM6: i.शिक्षक अधिकांशत: प्रश्नों पर विद्यार्थियों से सामूहिक प्रतिक्रियाएँ लेते हैं। | BN6: i. अधिकांशतः हाँ/ना में सामूहिक उत्तर लेना | BO6: i.शिक्षक स्वतंत्र कार्य के लिए विद्यार्थियों को समय नहीं देते हैं। | BP6: i.शिक्षक विद्यार्थियों को समूह कार्य के अवसर प्रदान नहीं करते हैं। | BQ6: ii.नहीं | BS6: ii.नहीं | BT6: i.कक्षा के नियम या दिनचर्या/रूटीन निर्धारित नहीं हैं। | BU6: iii.नहीं देखा गया (शिक्षक ने न तो रूढ़िवादिता या भेदभाव को बढ़ावा दिया/अभ्यास किया और न ही विद्यार्थियों को रूढ़िवादिता या भेदभाव के बारे में जागरूक किया) | BV6: i.अवलोकन के दौरान रूढ़िवादिता या भेदभाव की कोई घटना नहीं देखी गई। | BW6: ii.नहीं | CF6: iii.समझ की जाँच (CFU) प्रश्न | CG6: 0 | CH6: 0 | CI6: 1 | CJ6: 0 | CK6: 0 | CL6: 3.कभी जाँची नहीं जाती | CM6: 1.त्रुटियों की न तो पहचान की जाती है और न ही उन्हें सुधारा जाता है। | CN6: 1.कोई फीडबैक नहीं दिया गया। | CO6: 1.नोटबुक को साफ़ सुथरा रखने और प्रस्तुतिकरण पर कोई टिप्पणी या फीडबैक नहीं। | CP6: i.अवलोकन के दौरान विषय-विशिष्ट नोटबुक नहीं पायी गईं। | CQ6: 10 | CR6: ii.नहीं | CV6: iv.कोई विद्यार्थी धाराप्रवाह के साथ नहीं पढ़ पा रहा है। | CW6: iv. कोई भी विद्यार्थी पढ़े हुए पैराग्राफ का कम से कम 70% नही समझ पा रहा है। | CX6: iv.कोई विद्यार्थी नहीं लिख पाया या लेखन में त्रुटि है। | GC6: आपने प्रश्न के अलग-अलग प्रकारों का संतुलित उपयोग करने का उत्कृष्ट प्रयास किया; कक्षा में पढ़ाते समय इसी तरह विद्यार्थियों द्वारा विचारों की अभिव्यक्ति एवं सक्रिय भागीदारी को बढ़ाते रहें। | GD6: 1. कक्षा में विद्यार्थियों को प्रेरित करने और एक सुरक्षित व सकारात्मक कक्षा संस्कृति को बढ़ावा देने के लिए उत्साहवर्धक एवं सकारात्मक भाषा का उपयोग करें। जैसे : विद्यार्थी के प्रयास की सराहना करना या सकारात्मक व्यवहार प्रदर्शित करने पर ताली बजाना आदि। 2. विद्यार्थियों के आत्मविश्वास और समझ/सीख को बढ़ाने के लिए उनसे प्रतिक्रिया लेने से पहले प्रश्न को समझने और जवाब सोचने के लिए स्पष्ट रूप से कह कर पर्याप्त समय देने पर विचार करें। 3. सभी विद्यार्थियों की सक्रिय भागीदारी सुनिश्चित करने और उन्हें व्यक्तिगत रूप से समझने के लिए प्रत्येक विद्यार्थी को प्रतिक्रिया देने के अवसर प्रदान करें साथ ही छात्रों को इसके लिए प्रोत्साहित करें। | GE6: हुक एक रोचक शुरुआत की गतिविधियाँ गणित के लिए कैसे बनाई जाए. | GM6: 694382093 | GN6: e99df1a0-26b3-47ab-a264-169b7e0d9ea4 | GO6: 45891.556 | GR6: submitted_via_web | GT6: vVLoBVrPnDmiCZ8fxF6Nin | GV6: uuid:e99df1a0-26b3-47ab-a264-169b7e0d9ea4 | GW6: 5
A7: 45891.785 | B7: 45891.825 | C7: 23.133959 79.966769 0.0 212 | D7: 23.133959 | E7: 79.966769 | F7: 0 | G7: 212 | H7: 45891 | I7: Pushpendra Singh | L7: No | M7: Katni | N7: Katni | O7: 23380200601 | S7: गणित | U7: पुरुष | V7: Suneet Pandey | W7: AN5525 | X7: हाँ | Y7: कक्षा 6 | Z7: 1 | AA7: 0 | AB7: 0 | AC7: 216 | AD7: 12 | AE7: 216 | AF7: Teaching | AG7: गणित विज्ञान | AH7: 0 | AI7: 0 | AJ7: 0 | AK7: 0 | AL7: 0 | AM7: 1 | AN7: 1 | AO7: 0 | AP7: 0 | AR7: गणित | AS7: 46 | AT7: 30 | AU7: iii.शिक्षक कक्षा की शरुआत रोचक तरीके से हुक तकनीक के उपयोग से करते है (हुक: एक तकनीक जो विद्यार्थियों को आकर्षित करने के लिए पाठ का परिचय कहानी, वस्तुओं, तथ्य और प्रश्नों के माध्यम से किया जाता है। यह 30 सेकण्ड से 3 मिनट का एक छोटा भाग होता है।) | AV7: i. व्याख्यान करते हैं। | AW7: 1 | AX7: 0 | AY7: 0 | AZ7: 0 | BA7: 0 | BC7: i.10 % से कम विद्यार्थियों की सहभागिता है और अधिकांशतः शिक्षक ही बोल रहे हैं। | BD7: i.हुक का प्रयोग | BE7: 1 | BF7: 0 | BG7: 0 | BH7: 0 | BI7: 0 | BJ7: 0 | BK7: iii.शिक्षक बंद और खुले-छोर (close & open-ended questions) वाले प्रश्नों को मिश्रित रूप से पूछते हैं | BL7: i.कोई समय नहीं दिया गया, मुख्यतः तत्काल प्रतिक्रिया मांगी गई। | BM7: i.शिक्षक अधिकांशत: प्रश्नों पर विद्यार्थियों से सामूहिक प्रतिक्रियाएँ लेते हैं। | BN7: i. अधिकांशतः हाँ/ना में सामूहिक उत्तर लेना | BO7: i.शिक्षक स्वतंत्र कार्य के लिए विद्यार्थियों को समय नहीं देते हैं। | BP7: i.शिक्षक विद्यार्थियों को समूह कार्य के अवसर प्रदान नहीं करते हैं। | BQ7: i.हाँ (यदि हाँ, तो कृपया यहाँ उदाहरण का विवरण दें) | BR7: एक बच्चे को चिलाकर बोला "कौन बोला रे" तो एक बच्ची ने बोला शुभम, shubham ने reply किया नही मैंने नही बोला उस बच्ची ने कहा एक छापड मरूंगी तो सही हो जायेगा. teacher शुभंम को वापस से डाटा | BS7: i.हाँ | BT7: i.कक्षा के नियम या दिनचर्या/रूटीन निर्धारित नहीं हैं। | BU7: iii.नहीं देखा गया (शिक्षक ने न तो रूढ़िवादिता या भेदभाव को बढ़ावा दिया/अभ्यास किया और न ही विद्यार्थियों को रूढ़िवादिता या भेदभाव के बारे में जागरूक किया) | BV7: iii.हां, रूढ़िवादिता या भेदभाव की एक या अधिक घटनाएं देखी गईं और शिक्षक ने इसे हल करने के लिए मुद्दे को स्पष्ट रूप से संबोधित किया। | BW7: ii.नहीं | CF7: iii.समझ की जाँच (CFU) प्रश्न | CG7: 0 | CH7: 0 | CI7: 1 | CJ7: 0 | CK7: 0 | CL7: 2. अनियमितता के साथ कभी कभी जाँची जाती है। | CM7: 2.कुछ त्रुटियों की पहचान की जाती है, लेकिन सुधार के सुझाव नहीं दिये जाते हैं। | CN7: 2.“अच्छा” या “ठीक है” जैसी सामान्य टिप्पणियाँ लिखी गईं। | CO7: 1.नोटबुक को साफ़ सुथरा रखने और प्रस्तुतिकरण पर कोई टिप्पणी या फीडबैक नहीं। | CP7: i.अवलोकन के दौरान विषय-विशिष्ट नोटबुक नहीं पायी गईं। | CQ7: 5 | CR7: ii.नहीं | CV7: ii.कोई दो विद्यार्थी धाराप्रवाह के साथ पढ़ पा रहें हैं। | CW7: iv. कोई भी विद्यार्थी पढ़े हुए पैराग्राफ का कम से कम 70% नही समझ पा रहा है। | CX7: iv.कोई विद्यार्थी नहीं लिख पाया या लेखन में त्रुटि है। | GC7: आपने प्रश्न के अलग-अलग प्रकारों का संतुलित उपयोग करने का उत्कृष्ट प्रयास किया; कक्षा में पढ़ाते समय इसी तरह विद्यार्थियों द्वारा विचारों की अभिव्यक्ति एवं सक्रिय भागीदारी को बढ़ाते रहें। | GD7: 1 : विद्यार्थियों के आत्मविश्वास और समझ/सीख को बढ़ाने के लिए उनसे प्रतिक्रिया लेने से पहले प्रश्न को समझने और जवाब सोचने के लिए स्पष्ट रूप से कह कर पर्याप्त समय देने पर विचार करें। 2. सभी विद्यार्थियों की सक्रिय भागीदारी सुनिश्चित करने और उन्हें व्यक्तिगत रूप से समझने के लिए प्रत्येक विद्यार्थी को प्रतिक्रिया देने के अवसर प्रदान करें साथ ही छात्रों को इसके लिए प्रोत्साहित करें।( cold calling). 3. व्यवस्थित तरीके से पढ़ाने के लिए पाठ योजना का उपयोग करने पर विचार करें और पाठ के दौरान सभी प्रमुख शिक्षण बिंदु और गतिविधियाँ प्रभावी रूप से शामिल करना सुनिश्चित करें। | GE7: Print rich बनाने एवं lession plan सैंपल के रूप में साझा करें | GM7: 694411280 | GN7: d23c8d05-265b-42ea-b08f-dcba04a0e761 | GO7: 45891.595 | GR7: submitted_via_web | GT7: vVLoBVrPnDmiCZ8fxF6Nin | GV7: uuid:d23c8d05-265b-42ea-b08f-dcba04a0e761 | GW7: 6
A8: 45891.825 | B8: 45891.837 | C8: 19.076029 72.865921 0.0 92 | D8: 19.076029 | E8: 72.865921 | F8: 0 | G8: 92 | H8: 45891 | I8: Pushpendra Singh | L8: No | M8: Katni | N8: Katni | O8: 23380200601 | S8: हिन्दी | U8: महिला | V8: indu Tiwari | W8: AN5785 | X8: प्रशिक्षण में भाग नहीं लिया | Y8: कक्षा 6 | Z8: 1 | AA8: 0 | AB8: 0 | AC8: 324 | AD8: 156 | AE8: 324 | AF8: Teaching | AG8: हिन्दी सामाजिक विज्ञान | AH8: 1 | AI8: 0 | AJ8: 0 | AK8: 0 | AL8: 0 | AM8: 0 | AN8: 0 | AO8: 1 | AP8: 0 | AR8: सामाजिक विज्ञान | AS8: 46 | AT8: 30 | AU8: i.शिक्षक कक्षा की शुरुआत, बिना किसी भूमिका के सीधे पढ़ाने से शुरू कर देते हैं। | AV8: i. व्याख्यान करते हैं। ii. विद्यार्थियों से पाठ के कुछ हिस्सों को पढ़ने के लिए कहते हैं। | AW8: 1 | AX8: 1 | AY8: 0 | AZ8: 0 | BA8: 0 | BC8: i.10 % से कम विद्यार्थियों की सहभागिता है और अधिकांशतः शिक्षक ही बोल रहे हैं। | BD8: vi.इनमें से कोई नहीं देखा गया | BE8: 0 | BF8: 0 | BG8: 0 | BH8: 0 | BI8: 0 | BJ8: 1 | BK8: ii.शिक्षक केवल बंद-छोर वाले प्रश्न (close ended) पूछते हैं | BL8: i.कोई समय नहीं दिया गया, मुख्यतः तत्काल प्रतिक्रिया मांगी गई। | BM8: i.शिक्षक अधिकांशत: प्रश्नों पर विद्यार्थियों से सामूहिक प्रतिक्रियाएँ लेते हैं। | BN8: i. अधिकांशतः हाँ/ना में सामूहिक उत्तर लेना | BO8: i.शिक्षक स्वतंत्र कार्य के लिए विद्यार्थियों को समय नहीं देते हैं। | BP8: i.शिक्षक विद्यार्थियों को समूह कार्य के अवसर प्रदान नहीं करते हैं। | BQ8: ii.नहीं | BS8: ii.नहीं | BT8: i.कक्षा के नियम या दिनचर्या/रूटीन निर्धारित नहीं हैं। | BU8: iii.नहीं देखा गया (शिक्षक ने न तो रूढ़िवादिता या भेदभाव को बढ़ावा दिया/अभ्यास किया और न ही विद्यार्थियों को रूढ़िवादिता या भेदभाव के बारे में जागरूक किया) | BV8: i.अवलोकन के दौरान रूढ़िवादिता या भेदभाव की कोई घटना नहीं देखी गई। | BW8: ii.नहीं | CF8: v.उपरोक्त में से कोई भी नहीं | CG8: 0 | CH8: 0 | CI8: 0 | CJ8: 0 | CK8: 1 | CL8: 2. अनियमितता के साथ कभी कभी जाँची जाती है। | CM8: 2.कुछ त्रुटियों की पहचान की जाती है, लेकिन सुधार के सुझाव नहीं दिये जाते हैं। | CN8: 2.“अच्छा” या “ठीक है” जैसी सामान्य टिप्पणियाँ लिखी गईं। | CO8: 1.नोटबुक को साफ़ सुथरा रखने और प्रस्तुतिकरण पर कोई टिप्पणी या फीडबैक नहीं। | CP8: i.अवलोकन के दौरान विषय-विशिष्ट नोटबुक नहीं पायी गईं। | CQ8: 5 | CR8: ii.नहीं | CV8: ii.कोई दो विद्यार्थी धाराप्रवाह के साथ पढ़ पा रहें हैं। | CW8: iv. कोई भी विद्यार्थी पढ़े हुए पैराग्राफ का कम से कम 70% नही समझ पा रहा है। | CX8: iv.कोई विद्यार्थी नहीं लिख पाया या लेखन में त्रुटि है। | GC8: शिक्षण के दो तरीकों का प्रयोग करना. बच्चो से प्रश्न पूछना | GD8: विद्यार्थियों के आत्मविश्वास और समझ/सीख को बढ़ाने के लिए उनसे प्रतिक्रिया लेने से पहले प्रश्न को समझने और जवाब सोचने के लिए स्पष्ट रूप से कह कर पर्याप्त समय देने पर विचार करें। 2. सभी विद्यार्थियों की सक्रिय भागीदारी सुनिश्चित करने और उन्हें व्यक्तिगत रूप से समझने के लिए प्रत्येक विद्यार्थी को प्रतिक्रिया देने के अवसर प्रदान करें साथ ही छात्रों को इसके लिए प्रोत्साहित करें।( कोल्ड कालिंग). 3. आपने बंद-छोर वाले प्रश्नों का उपयोग करने का अच्छा प्रयास किया; इसको आगे बढ़ाते हुए आलोचनात्मक सोच और कक्षा में अधिक जुड़ाव को प्रोत्साहित करने के लिए खुले-छोर वाले प्रश्नों को शामिल करने का प्रयास करें। | GE8: रोचक शुरुआत के लिए हुक की क्या गतिविधियाँ हो सकती है वो साझा किया जाय | GM8: 694420882 | GN8: 1aa5c983-e65e-40bb-a23c-fc14e90ae780 | GO8: 45891.607 | GR8: submitted_via_web | GT8: vVLoBVrPnDmiCZ8fxF6Nin | GV8: uuid:1aa5c983-e65e-40bb-a23c-fc14e90ae780 | GW8: 7
A9: 45891.837 | B9: 45891.849 | C9: 23.133955 79.966752 0.0 10 | D9: 23.133955 | E9: 79.966752 | F9: 0 | G9: 10 | H9: 45891 | I9: Pushpendra Singh | L9: No | M9: Mandla | N9: Beejadandi | O9: 23421402702 | S9: गणित | U9: पुरुष | V9: Chandra Mohan Patel | W9: CC6032 | X9: नहीं | Y9: कक्षा 6 | Z9: 1 | AA9: 0 | AB9: 0 | AC9: 36 | AD9: 36 | AE9: 36 | AF9: Teaching | AG9: इंग्लिश गणित | AH9: 0 | AI9: 1 | AJ9: 0 | AK9: 0 | AL9: 0 | AM9: 1 | AN9: 0 | AO9: 0 | AP9: 0 | AR9: गणित | AS9: 16 | AT9: 14 | AU9: i.शिक्षक कक्षा की शुरुआत, बिना किसी भूमिका के सीधे पढ़ाने से शुरू कर देते हैं। | AV9: i. व्याख्यान करते हैं। | AW9: 1 | AX9: 0 | AY9: 0 | AZ9: 0 | BA9: 0 | BC9: ii.10% - 40% विद्यार्थियों की सहभागिता है और शिक्षक ही अधिकांशतः बोल रहे हैं। | BD9: vi.इनमें से कोई नहीं देखा गया | BE9: 0 | BF9: 0 | BG9: 0 | BH9: 0 | BI9: 0 | BJ9: 1 | BK9: iii.शिक्षक बंद और खुले-छोर (close & open-ended questions) वाले प्रश्नों को मिश्रित रूप से पूछते हैं | BL9: i.कोई समय नहीं दिया गया, मुख्यतः तत्काल प्रतिक्रिया मांगी गई। | BM9: i.शिक्षक अधिकांशत: प्रश्नों पर विद्यार्थियों से सामूहिक प्रतिक्रियाएँ लेते हैं। | BN9: i. अधिकांशतः हाँ/ना में सामूहिक उत्तर लेना | BO9: i.शिक्षक स्वतंत्र कार्य के लिए विद्यार्थियों को समय नहीं देते हैं। | BP9: i.शिक्षक विद्यार्थियों को समूह कार्य के अवसर प्रदान नहीं करते हैं। | BQ9: ii.नहीं | BS9: i.हाँ | BT9: i.कक्षा के नियम या दिनचर्या/रूटीन निर्धारित नहीं हैं। | BU9: iii.नहीं देखा गया (शिक्षक ने न तो रूढ़िवादिता या भेदभाव को बढ़ावा दिया/अभ्यास किया और न ही विद्यार्थियों को रूढ़िवादिता या भेदभाव के बारे में जागरूक किया) | BV9: i.अवलोकन के दौरान रूढ़िवादिता या भेदभाव की कोई घटना नहीं देखी गई। | BW9: ii.नहीं | CF9: v.उपरोक्त में से कोई भी नहीं | CG9: 0 | CH9: 0 | CI9: 0 | CJ9: 0 | CK9: 1 | CL9: 1. नियमित रूप से बिना देरी के तुरंत जाँची जाती है। | CM9: 1.त्रुटियों की न तो पहचान की जाती है और न ही उन्हें सुधारा जाता है। | CN9: 1.कोई फीडबैक नहीं दिया गया। | CO9: 1.नोटबुक को साफ़ सुथरा रखने और प्रस्तुतिकरण पर कोई टिप्पणी या फीडबैक नहीं। | CP9: i.अवलोकन के दौरान विषय-विशिष्ट नोटबुक नहीं पायी गईं। | CQ9: 14 | CR9: i.हाँ | CS9: i.अधिकतर नए | CT9: i.अधिकतर विद्यार्थियों द्वारा बनाए गए | CU9: ii.कक्षा में मौजूद चार्ट/पोस्टर शैक्षणिक विषयों पर हैं, लेकिन कक्षा में शामिल/पढ़ाए नहीं जा रहे हैं। | CV9: ii.कोई दो विद्यार्थी धाराप्रवाह के साथ पढ़ पा रहें हैं। | CW9: iii.कोई एक विद्यार्थी पढ़े हुए पैराग्राफ का कम से कम 70% समझ पा रहा है। | CX9: iii.किसी एक विद्यार्थी ने बिना किसी त्रुटि के लिखा है। | GC9: 1 : कक्षा में सकारात्मक और प्रेरणादायी भाषा के उपयोग का आप बहुत अच्छा प्रयास कर रहे हैं; यह कक्षा का वातावरण उत्साहजनक और सहयोगी बनाने मे मदद करता है। 2. एक व्यवस्थित और सीखने के लिए अनुकूल कक्षा वातावरण के लिए कक्षा के नियम और दिनचर्या/रूटीन तय करना बहुत महत्वपूर्ण हैं। व्यवस्थित कक्षा एवं बेहतर परिणामों के लिए शुरू से ही विद्यार्थियों के साथ अपेक्षाएँ तय करने और उन्हें लगातार लागू करने पर विचार करें। 3. बिना किसी देरी के नियमित रूप से जाँची जाती है: यह बहुत अच्छा काम किया गया है कि विद्यार्थियों की नोटबुक को तुरंत सुधारा जाता है; इससे उनके सीखने मे सहायता करने के लिए तुरंत सुधारात्मक प्रतिक्रिया देने में मदद मिलती है। | GD9: 1 : विद्यार्थियों के आत्मविश्वास और समझ/सीख को बढ़ाने के लिए उनसे प्रतिक्रिया लेने से पहले प्रश्न को समझने और जवाब सोचने के लिए स्पष्ट रूप से कह कर पर्याप्त समय देने पर विचार करें। 2. सभी विद्यार्थियों की सक्रिय भागीदारी सुनिश्चित करने और उन्हें व्यक्तिगत रूप से समझने के लिए प्रत्येक विद्यार्थी को प्रतिक्रिया देने के अवसर प्रदान करें साथ ही छात्रों को इसके लिए प्रोत्साहित करें। 3.व्यवस्थित तरीके से पढ़ाने के लिए पाठ योजना का उपयोग करने पर विचार करें और पाठ के दौरान सभी प्रमुख शिक्षण बिंदु और गतिविधियाँ प्रभावी रूप से शामिल करना सुनिश्चित करें। | GE9: lession plan sample roop se sajha karen | GM9: 694431381 | GN9: c4d45613-8397-402a-8319-04946be730f1 | GO9: 45891.62 | GR9: submitted_via_web | GT9: vVLoBVrPnDmiCZ8fxF6Nin | GV9: uuid:c4d45613-8397-402a-8319-04946be730f1 | GW9: 8
A10: 45891.391 | B10: 45892.528 | H10: 45891 | I10: Amit Pradhan | L10: No | M10: Mandla | N10: Narayanganj | O10: 23420111302 | S10: विज्ञान | U10: महिला | V10: Neelu Kushram | W10: AQ3304 | X10: हाँ | Y10: कक्षा 6 | Z10: 1 | AA10: 0 | AB10: 0 | AC10: 216 | AD10: 24 | AE10: 24 | AF10: Teaching | AG10: अन्य | AH10: 0 | AI10: 0 | AJ10: 0 | AK10: 0 | AL10: 0 | AM10: 0 | AN10: 0 | AO10: 0 | AP10: 1 | AQ10: D. Ed. - No specification | AR10: विज्ञान | AS10: 40 | AT10: 30 | AU10: iii.शिक्षक कक्षा की शरुआत रोचक तरीके से हुक तकनीक के उपयोग से करते है (हुक: एक तकनीक जो विद्यार्थियों को आकर्षित करने के लिए पाठ का परिचय कहानी, वस्तुओं, तथ्य और प्रश्नों के माध्यम से किया जाता है। यह 30 सेकण्ड से 3 मिनट का एक छोटा भाग होता है।) | AV10: i. व्याख्यान करते हैं। | AW10: 1 | AX10: 0 | AY10: 0 | AZ10: 0 | BA10: 0 | BC10: iii.40% या उससे अधिक (अपेक्षा अनुरूप) विद्यार्थियों की सहभागिता है। | BD10: i.हुक का प्रयोग v.विद्यार्थी के कार्यों (अकादमिक/गैर अकादमिक) पर रचनात्मक फीडबैक (Constructive Feedback) | BE10: 1 | BF10: 0 | BG10: 0 | BH10: 0 | BI10: 1 | BJ10: 0 | BK10: iii.शिक्षक बंद और खुले-छोर (close & open-ended questions) वाले प्रश्नों को मिश्रित रूप से पूछते हैं | BL10: i.कोई समय नहीं दिया गया, मुख्यतः तत्काल प्रतिक्रिया मांगी गई। | BM10: i.शिक्षक अधिकांशत: प्रश्नों पर विद्यार्थियों से सामूहिक प्रतिक्रियाएँ लेते हैं। | BN10: ii.हाँ, अधिकांशतः कुछ बुनियादी समझ की जाँच की तकनीक (हाथ उठाना, अंगूठा दिखाना, आदि) का प्रयोग किया गया | BO10: iv.शिक्षक स्वतंत्र कार्य के लिए विद्यार्थियों को समय देते हैं और विद्यार्थियों के कार्य की जाँच करने और उनकी सहायता करने के लिए कक्षा में भ्रमण भी करते हैं। | BP10: i.शिक्षक विद्यार्थियों को समूह कार्य के अवसर प्रदान नहीं करते हैं। | BQ10: ii.नहीं | BS10: ii.नहीं | BT10: ii.कक्षा के नियम या दिनचर्या/ रूटीन निर्धारित हैं, लेकिन नियमित रूप से सुदृढ़ नहीं किए जाते हैं (आवश्यकता होने पर भी)। | BU10: iii.नहीं देखा गया (शिक्षक ने न तो रूढ़िवादिता या भेदभाव को बढ़ावा दिया/अभ्यास किया और न ही विद्यार्थियों को रूढ़िवादिता या भेदभाव के बारे में जागरूक किया) | BV10: i.अवलोकन के दौरान रूढ़िवादिता या भेदभाव की कोई घटना नहीं देखी गई। | BW10: ii.नहीं | CF10: ii.विषय से संबंधित गतिविधियाँ iii.समझ की जाँच (CFU) प्रश्न | CG10: 0 | CH10: 1 | CI10: 1 | CJ10: 0 | CK10: 0 | CL10: 2. अनियमितता के साथ कभी कभी जाँची जाती है। | CM10: 1.त्रुटियों की न तो पहचान की जाती है और न ही उन्हें सुधारा जाता है। | CN10: 2.“अच्छा” या “ठीक है” जैसी सामान्य टिप्पणियाँ लिखी गईं। | CO10: 1.नोटबुक को साफ़ सुथरा रखने और प्रस्तुतिकरण पर कोई टिप्पणी या फीडबैक नहीं। | CP10: ii.50% से कम विद्यार्थी विषय-विशिष्ट नोटबुक में काम करते हैं। | CQ10: 20 | CR10: i.हाँ | CS10: ii.अधिकतर पुराने (फटे या ऐसे जिनमें जानकारी स्पष्ट दिख नहीं रही) | CT10: i.अधिकतर विद्यार्थियों द्वारा बनाए गए | CU10: ii.कक्षा में मौजूद चार्ट/पोस्टर शैक्षणिक विषयों पर हैं, लेकिन कक्षा में शामिल/पढ़ाए नहीं जा रहे हैं। | CV10: ii.कोई दो विद्यार्थी धाराप्रवाह के साथ पढ़ पा रहें हैं। | CW10: iii.कोई एक विद्यार्थी पढ़े हुए पैराग्राफ का कम से कम 70% समझ पा रहा है। | CX10: ii.किन्ही दो विद्यार्थियों ने बिना किसी त्रुटि के लिखा है। | GC10: 1. Ma'am was circulating continously and correcting students individually 2. She encouraged on of the students , Aanaya , to help her friend Janvi. 3. Most of her teaching was question led, instead of just telling them things | GD10: 1. All the charts in the classroom were old and made by students of the previous year - suggested that she involve the students in making charts and renew them regularly. We also made a "Why does this happen?" chart after the observation. 2. Suggested using cold calling - as she was at times struggling with number of studnets who had their hands raised. | GE10: - | GF10: - | GM10: 694657344 | GN10: 52523dc6-5cf6-474b-a7a5-e7242f7d4953 | GO10: 45892.299 | GR10: submitted_via_web | GT10: vVLoBVrPnDmiCZ8fxF6Nin | GV10: uuid:52523dc6-5cf6-474b-a7a5-e7242f7d4953 | GW10: 9
A11: 45892.528 | B11: 45892.693 | H11: 45892 | I11: Amit Pradhan | L11: Yes | M11: Mandla | N11: Mandla | O11: 23420111302 | P11: Preeti Dubey | Q11: Science | R11: हाँ | U11: महिला | Y11: कक्षा 6 | Z11: 1 | AA11: 0 | AB11: 0 | AC11: 312 | AD11: 180 | AE11: 180 | AF11: Teaching | AG11: विज्ञान | AH11: 0 | AI11: 0 | AJ11: 0 | AK11: 0 | AL11: 0 | AM11: 0 | AN11: 1 | AO11: 0 | AP11: 0 | AR11: विज्ञान | AS11: 22 | AT11: 12 | AU11: iv.शिक्षक कक्षा के प्रारंभ में विद्यार्थियों का स्वागत करते हैं, उनका हाल चाल लेते हुए विषय पर हुक/चर्चा के माध्यम से उनका विषय वस्तु के साथ जुड़ाव बनाकर सकारात्मक शुरुआत करते हैं। | AV11: i. व्याख्यान करते हैं। iii. टीएलएम का उपयोग करते हैं (पाठ्यपुस्तक और ब्लैक/वाइट बोर्ड के अलावा) iv. गतिविधि या खेल | AW11: 1 | AX11: 0 | AY11: 1 | AZ11: 1 | BA11: 0 | BC11: iii.40% या उससे अधिक (अपेक्षा अनुरूप) विद्यार्थियों की सहभागिता है। | BD11: i.हुक का प्रयोग iv.ऑडियो/ विडियो का उपयोग करके शिक्षण | BE11: 1 | BF11: 0 | BG11: 0 | BH11: 1 | BI11: 0 | BJ11: 0 | BK11: iii.शिक्षक बंद और खुले-छोर (close & open-ended questions) वाले प्रश्नों को मिश्रित रूप से पूछते हैं | BL11: i.कोई समय नहीं दिया गया, मुख्यतः तत्काल प्रतिक्रिया मांगी गई। | BM11: iii.शिक्षक अधिकांशत: प्रश्नों पर प्रतिक्रिया हेतु रेन्डम/बिना किसी क्रम के प्रश्न पूछने की तकनीक का उपयोग करते हैं (जैसे कोल्ड कॉलिंग)। | BN11: i. अधिकांशतः हाँ/ना में सामूहिक उत्तर लेना | BO11: iv.शिक्षक स्वतंत्र कार्य के लिए विद्यार्थियों को समय देते हैं और विद्यार्थियों के कार्य की जाँच करने और उनकी सहायता करने के लिए कक्षा में भ्रमण भी करते हैं। | BP11: i.शिक्षक विद्यार्थियों को समूह कार्य के अवसर प्रदान नहीं करते हैं। | BQ11: ii.नहीं | BS11: ii.नहीं | BT11: i.कक्षा के नियम या दिनचर्या/रूटीन निर्धारित नहीं हैं। | BU11: iii.नहीं देखा गया (शिक्षक ने न तो रूढ़िवादिता या भेदभाव को बढ़ावा दिया/अभ्यास किया और न ही विद्यार्थियों को रूढ़िवादिता या भेदभाव के बारे में जागरूक किया) | BV11: i.अवलोकन के दौरान रूढ़िवादिता या भेदभाव की कोई घटना नहीं देखी गई। | BW11: ii.नहीं | CF11: i.TLM का उपयोग किया ii.विषय से संबंधित गतिविधियाँ iv.गृहकार्य देना | CG11: 1 | CH11: 1 | CI11: 0 | CJ11: 1 | CK11: 0 | CL11: 3.कभी जाँची नहीं जाती | CM11: 1.त्रुटियों की न तो पहचान की जाती है और न ही उन्हें सुधारा जाता है। | CN11: 1.कोई फीडबैक नहीं दिया गया। | CO11: 1.नोटबुक को साफ़ सुथरा रखने और प्रस्तुतिकरण पर कोई टिप्पणी या फीडबैक नहीं। | CP11: i.अवलोकन के दौरान विषय-विशिष्ट नोटबुक नहीं पायी गईं। | CQ11: 10 | CR11: ii.नहीं | CV11: ii.कोई दो विद्यार्थी धाराप्रवाह के साथ पढ़ पा रहें हैं। | CW11: ii.कोई दो विद्यार्थीपढ़े हुए पैराग्राफ का कम से कम 70% समझ पा रहें हैं। | CX11: i.सभी तीन विद्यार्थियों ने बिना किसी त्रुटि के लिखा है। | GC11: 1. Asked students to get leaves from outside, used them as TLMs 2. Used a poem as a hook, something she had created herself 3. Used her phone to show Parallel venation, as the leaves that the students had brought in did not have any of the said venation type. | GD11: 1. Use of Attention Grabbers 2. Giving more wait time | GE11: Asked what more she can do in her Science Class to win awards at State level . I suggested following the book, teaching students in a more exploratory way and going through the Science Module. | GF11: There was ana SRG in CRO Tool 4 day Orientation, a Co-facilitator in CLSS and an MT in Science Training. | GM11: 694725388 | GN11: 08dfe366-65ed-4dea-b3a1-5339803d81e7 | GO11: 45892.464 | GR11: submitted_via_web | GT11: vVLoBVrPnDmiCZ8fxF6Nin | GV11: uuid:08dfe366-65ed-4dea-b3a1-5339803d81e7 | GW11: 10
A12: 45892.693 | B12: 45902.477 | H12: 45892 | I12: Amit Pradhan | L12: No | M12: Dindori | N12: Mehandwani | O12: 23411509502 | S12: सामाजिक विज्ञान | U12: महिला | V12: Ranjana Basal | W12: xxxx61 | X12: नहीं | Y12: कक्षा 7 | Z12: 0 | AA12: 1 | AB12: 0 | AC12: 324 | AD12: 144 | AE12: 144 | AF12: Teaching | AG12: सामाजिक विज्ञान | AH12: 0 | AI12: 0 | AJ12: 0 | AK12: 0 | AL12: 0 | AM12: 0 | AN12: 0 | AO12: 1 | AP12: 0 | AR12: सामाजिक विज्ञान | AS12: 27 | AT12: 19 | AU12: i.शिक्षक कक्षा की शुरुआत, बिना किसी भूमिका के सीधे पढ़ाने से शुरू कर देते हैं। | AV12: i. व्याख्यान करते हैं। | AW12: 1 | AX12: 0 | AY12: 0 | AZ12: 0 | BA12: 0 | BC12: i.10 % से कम विद्यार्थियों की सहभागिता है और अधिकांशतः शिक्षक ही बोल रहे हैं। | BD12: vi.इनमें से कोई नहीं देखा गया | BE12: 0 | BF12: 0 | BG12: 0 | BH12: 0 | BI12: 0 | BJ12: 1 | BK12: ii.शिक्षक केवल बंद-छोर वाले प्रश्न (close ended) पूछते हैं | BL12: i.कोई समय नहीं दिया गया, मुख्यतः तत्काल प्रतिक्रिया मांगी गई। | BM12: i.शिक्षक अधिकांशत: प्रश्नों पर विद्यार्थियों से सामूहिक प्रतिक्रियाएँ लेते हैं। | BN12: iv.समझ की जांच नहीं की गई | BO12: i.शिक्षक स्वतंत्र कार्य के लिए विद्यार्थियों को समय नहीं देते हैं। | BP12: i.शिक्षक विद्यार्थियों को समूह कार्य के अवसर प्रदान नहीं करते हैं। | BQ12: ii.नहीं | BS12: ii.नहीं | BT12: i.कक्षा के नियम या दिनचर्या/रूटीन निर्धारित नहीं हैं। | BU12: iii.नहीं देखा गया (शिक्षक ने न तो रूढ़िवादिता या भेदभाव को बढ़ावा दिया/अभ्यास किया और न ही विद्यार्थियों को रूढ़िवादिता या भेदभाव के बारे में जागरूक किया) | BV12: i.अवलोकन के दौरान रूढ़िवादिता या भेदभाव की कोई घटना नहीं देखी गई। | BW12: ii.नहीं | CF12: v.उपरोक्त में से कोई भी नहीं | CG12: 0 | CH12: 0 | CI12: 0 | CJ12: 0 | CK12: 1 | CL12: 3.कभी जाँची नहीं जाती | CM12: 1.त्रुटियों की न तो पहचान की जाती है और न ही उन्हें सुधारा जाता है। | CN12: 1.कोई फीडबैक नहीं दिया गया। | CO12: 1.नोटबुक को साफ़ सुथरा रखने और प्रस्तुतिकरण पर कोई टिप्पणी या फीडबैक नहीं। | CP12: i.अवलोकन के दौरान विषय-विशिष्ट नोटबुक नहीं पायी गईं। | CQ12: 10 | CR12: i.हाँ | CS12: ii.अधिकतर पुराने (फटे या ऐसे जिनमें जानकारी स्पष्ट दिख नहीं रही) | CT12: i.अधिकतर विद्यार्थियों द्वारा बनाए गए | CU12: ii.कक्षा में मौजूद चार्ट/पोस्टर शैक्षणिक विषयों पर हैं, लेकिन कक्षा में शामिल/पढ़ाए नहीं जा रहे हैं। | CV12: iii.कोई एक विद्यार्थी धाराप्रवाह के साथ पढ़ पा रहा है। | CW12: iv. कोई भी विद्यार्थी पढ़े हुए पैराग्राफ का कम से कम 70% नही समझ पा रहा है। | CX12: iii.किसी एक विद्यार्थी ने बिना किसी त्रुटि के लिखा है। | GC12: 1. Did some circulation in the initial parts of the class 2. Asked questions ( although there were some things that could have been done better ) | GD12: 1. Ma'am can make use of the blackboard to explain things 2. Most of her teaching was reading from the book, suggested that making eye contact with the students and involving the students more would help. 3. After asking a question, asked her to give some wait time to the students, and not go ahead and give the answers herself. | GE12: - | GF12: - | GM12: 694736843 | GN12: 603da069-ab74-4a83-a2e6-97caf45408db | GO12: 45892.486 | GR12: submitted_via_web | GT12: vVLoBVrPnDmiCZ8fxF6Nin | GV12: uuid:6a39944e-5b97-405b-89b9-444a9a7fc063 | GW12: 11
A13: 45892.715 | B13: 45892.736 | H13: 45892 | I13: Amit Pradhan | L13: No | M13: Mandla | N13: Narayanganj | O13: 23421303002 | S13: विज्ञान | U13: पुरुष | V13: Om Prakash Saiyam | W13: CF2948 | X13: प्रशिक्षण में भाग नहीं लिया | Y13: कक्षा 7 | Z13: 0 | AA13: 1 | AB13: 0 | AC13: 36 | AD13: 3 | AE13: 3 | AF13: Teaching | AG13: अन्य | AH13: 0 | AI13: 0 | AJ13: 0 | AK13: 0 | AL13: 0 | AM13: 0 | AN13: 0 | AO13: 0 | AP13: 1 | AQ13: - (Teacher did not specify ) | AR13: गणित | AS13: 32 | AT13: 24 | AU13: ii.शिक्षक कक्षा में कुछ विद्यार्थियों से हाल-चाल पूछते हैं एवं स्वागत करते हैं और फिर पढ़ाना शुरू करते हैं। | AV13: i. व्याख्यान करते हैं। iii. टीएलएम का उपयोग करते हैं (पाठ्यपुस्तक और ब्लैक/वाइट बोर्ड के अलावा) iv. गतिविधि या खेल | AW13: 1 | AX13: 0 | AY13: 1 | AZ13: 1 | BA13: 0 | BC13: iii.40% या उससे अधिक (अपेक्षा अनुरूप) विद्यार्थियों की सहभागिता है। | BD13: iii.समूह चर्चा v.विद्यार्थी के कार्यों (अकादमिक/गैर अकादमिक) पर रचनात्मक फीडबैक (Constructive Feedback) | BE13: 0 | BF13: 0 | BG13: 1 | BH13: 0 | BI13: 1 | BJ13: 0 | BK13: iii.शिक्षक बंद और खुले-छोर (close & open-ended questions) वाले प्रश्नों को मिश्रित रूप से पूछते हैं | BL13: ii.समय दिया गया, लेकिन दिया गया समय अपर्याप्त था। | BM13: i.शिक्षक अधिकांशत: प्रश्नों पर विद्यार्थियों से सामूहिक प्रतिक्रियाएँ लेते हैं। | BN13: iii.हाँ, अधिकांशतः विद्यार्थियों का त्वरित आकलन (मौखिक या लिखित - जैसे सभी से कुछ सवाल या एक्ज़िट टिकिट) करते हुए उनके अलग अलग जवाब लिए गए| | BO13: i.शिक्षक स्वतंत्र कार्य के लिए विद्यार्थियों को समय नहीं देते हैं। | BP13: iv.शिक्षक समूह में सीखने के अवसर प्रदान करते हैं और विद्यार्थियों के कार्य की जाँच करने और उनकी सहायता के लिए कक्षा में भ्रमण करते हैं। | BQ13: ii.नहीं | BS13: i.हाँ | BT13: i.कक्षा के नियम या दिनचर्या/रूटीन निर्धारित नहीं हैं। | BU13: iii.नहीं देखा गया (शिक्षक ने न तो रूढ़िवादिता या भेदभाव को बढ़ावा दिया/अभ्यास किया और न ही विद्यार्थियों को रूढ़िवादिता या भेदभाव के बारे में जागरूक किया) | BV13: i.अवलोकन के दौरान रूढ़िवादिता या भेदभाव की कोई घटना नहीं देखी गई। | BW13: ii.नहीं | CF13: i.TLM का उपयोग किया ii.विषय से संबंधित गतिविधियाँ iii.समझ की जाँच (CFU) प्रश्न iv.गृहकार्य देना | CG13: 1 | CH13: 1 | CI13: 1 | CJ13: 1 | CK13: 0 | CL13: 2. अनियमितता के साथ कभी कभी जाँची जाती है। | CM13: 1.त्रुटियों की न तो पहचान की जाती है और न ही उन्हें सुधारा जाता है। | CN13: 1.कोई फीडबैक नहीं दिया गया। | CO13: 1.नोटबुक को साफ़ सुथरा रखने और प्रस्तुतिकरण पर कोई टिप्पणी या फीडबैक नहीं। | CP13: ii.50% से कम विद्यार्थी विषय-विशिष्ट नोटबुक में काम करते हैं। | CQ13: 22 | CR13: i.हाँ | CS13: ii.अधिकतर पुराने (फटे या ऐसे जिनमें जानकारी स्पष्ट दिख नहीं रही) | CT13: i.अधिकतर विद्यार्थियों द्वारा बनाए गए | CU13: ii.कक्षा में मौजूद चार्ट/पोस्टर शैक्षणिक विषयों पर हैं, लेकिन कक्षा में शामिल/पढ़ाए नहीं जा रहे हैं। | CV13: ii.कोई दो विद्यार्थी धाराप्रवाह के साथ पढ़ पा रहें हैं। | CW13: ii.कोई दो विद्यार्थीपढ़े हुए पैराग्राफ का कम से कम 70% समझ पा रहें हैं। | CX13: ii.किन्ही दो विद्यार्थियों ने बिना किसी त्रुटि के लिखा है। | GC13: 1. Sir did an exceptional summarising of the class where he involved a lot of students 2. Sir had a cardboard cut out and a very well drawn diaagram on the board as well+ he was using a laser light for pointing. 3. Sir was soft-spoken, traeted students with respect and circulated throughout the period. | GD13: To avoid answers in Chorus, I suggested cold calling 2. Also did a demo of an attention grabber, so that students would pay attentionto the instrcutions given by the teacher amidst independent work 3. Giving wait time to the students | GE13: - | GF13: - | GM13: 694746927 | GN13: eda8deeb-8bf2-4ee0-b0d6-20c860f0ab3f | GO13: 45892.507 | GR13: submitted_via_web | GT13: vVLoBVrPnDmiCZ8fxF6Nin | GV13: uuid:eda8deeb-8bf2-4ee0-b0d6-20c860f0ab3f | GW13: 12
A14: 45891.635 | B14: 45894.514 | H14: 45891 | I14: Ritesh Rathore | L14: No | M14: Betul | N14: Betul | O14: 23350309603 | S14: सामाजिक विज्ञान | U14: महिला | V14: Mrs. Nita Harpude | W14: AE7322 | X14: हाँ | Y14: कक्षा 6 | Z14: 1 | AA14: 0 | AB14: 0 | AC14: 288 | AD14: 288 | AE14: 24 | AF14: Teaching | AG14: सामाजिक विज्ञान | AH14: 0 | AI14: 0 | AJ14: 0 | AK14: 0 | AL14: 0 | AM14: 0 | AN14: 0 | AO14: 1 | AP14: 0 | AR14: सामाजिक विज्ञान | AS14: 26 | AT14: 19 | AU14: iii.शिक्षक कक्षा की शरुआत रोचक तरीके से हुक तकनीक के उपयोग से करते है (हुक: एक तकनीक जो विद्यार्थियों को आकर्षित करने के लिए पाठ का परिचय कहानी, वस्तुओं, तथ्य और प्रश्नों के माध्यम से किया जाता है। यह 30 सेकण्ड से 3 मिनट का एक छोटा भाग होता है।) | AV14: ii. विद्यार्थियों से पाठ के कुछ हिस्सों को पढ़ने के लिए कहते हैं। | AW14: 0 | AX14: 1 | AY14: 0 | AZ14: 0 | BA14: 0 | BC14: iii.40% या उससे अधिक (अपेक्षा अनुरूप) विद्यार्थियों की सहभागिता है। | BD14: ii.थिंक पेयर शेयर | BE14: 0 | BF14: 1 | BG14: 0 | BH14: 0 | BI14: 0 | BJ14: 0 | BK14: iii.शिक्षक बंद और खुले-छोर (close & open-ended questions) वाले प्रश्नों को मिश्रित रूप से पूछते हैं | BL14: ii.समय दिया गया, लेकिन दिया गया समय अपर्याप्त था। | BM14: iii.शिक्षक अधिकांशत: प्रश्नों पर प्रतिक्रिया हेतु रेन्डम/बिना किसी क्रम के प्रश्न पूछने की तकनीक का उपयोग करते हैं (जैसे कोल्ड कॉलिंग)। | BN14: iii.हाँ, अधिकांशतः विद्यार्थियों का त्वरित आकलन (मौखिक या लिखित - जैसे सभी से कुछ सवाल या एक्ज़िट टिकिट) करते हुए उनके अलग अलग जवाब लिए गए| | BO14: iii.शिक्षक स्वतंत्र कार्य के लिए विद्यार्थियों को समय देते हैं और भ्रमण भी करते हैं लेकिन विद्यार्थियों के कार्य की जाँच और उनकी सहायता नहीं करते। | BP14: iii.शिक्षक समूह में सीखने के अवसर प्रदान करते हैं और भ्रमण भी करते हैं लेकिन विद्यार्थियों के कार्य की जाँच और उनकी सहायता नहीं करते। | BQ14: ii.नहीं | BS14: i.हाँ | BT14: i.कक्षा के नियम या दिनचर्या/रूटीन निर्धारित नहीं हैं। | BU14: iii.नहीं देखा गया (शिक्षक ने न तो रूढ़िवादिता या भेदभाव को बढ़ावा दिया/अभ्यास किया और न ही विद्यार्थियों को रूढ़िवादिता या भेदभाव के बारे में जागरूक किया) | BV14: i.अवलोकन के दौरान रूढ़िवादिता या भेदभाव की कोई घटना नहीं देखी गई। | BW14: ii.नहीं | CF14: iii.समझ की जाँच (CFU) प्रश्न iv.गृहकार्य देना | CG14: 0 | CH14: 0 | CI14: 1 | CJ14: 1 | CK14: 0 | CL14: 1. नियमित रूप से बिना देरी के तुरंत जाँची जाती है। | CM14: 3.अधिकांश त्रुटियों की पहचान की जाती है और उन्हें सुधारा जाता है। | CN14: 2.“अच्छा” या “ठीक है” जैसी सामान्य टिप्पणियाँ लिखी गईं। | CO14: 3.नोटबुक को साफ सुथरा रखने और प्रस्तुतिकरण पर नियमित टिप्पणी या फीडबैक। | CP14: iii.50% से अधिक विद्यार्थी विषय-विशिष्ट नोटबुक में काम करते हैं। | CQ14: 19 | CR14: i.हाँ | CS14: i.अधिकतर नए | CT14: ii.अधिकतर शिक्षकों द्वारा बनाया गए | CU14: ii.कक्षा में मौजूद चार्ट/पोस्टर शैक्षणिक विषयों पर हैं, लेकिन कक्षा में शामिल/पढ़ाए नहीं जा रहे हैं। | CV14: i.सभी तीन विद्यार्थी धाराप्रवाह के साथ पढ़ पा रहें हैं। | CW14: i.सभी तीन विद्यार्थी पढ़े हुए पैराग्राफ का कम से कम 70% समझ पा रहें हैं। | CX14: i.सभी तीन विद्यार्थियों ने बिना किसी त्रुटि के लिखा है। | GC14: प्रशिक्षण के दौरान पाठ योजना निर्माण पर चर्चा कर इसे नियमित रूप से बनाने पर सुझाव दिया, कक्षा कक्ष में दैनिक दिनचर्या के लिए कक्षा के नियम बनाना एवं नियमित रूप से इनका नियमित रूप से पालन करने पर सुझाव साथ ही कक्षा कह में पठन के दौरान उपयुक्त TLM, पोस्टर का उपयोग करना एवं इन्हें बनाने में बच्चों का सहयोग प्राप्त करना | GD14: कक्षा में विषय से संबंधित बहुत ही प्रभावी रूप से शिक्षण कराया जा रहा है इसे ओर अधिक प्रभावी बनाने में पाठ योजना मदद प्रदान करेगी इस संबंध में हमने प्रशिक्षण में भी विस्तृत रूप से चर्चा की थी। कक्षा शिक्षण ओर अधिक प्रभावी बनाने में पाठ योजना का उपयोग किया जाए तो ओर अधिक मदद मिलेगी। कक्षा में बच्चों ने सकारात्म व्यवहार किया है, इसे कक्षा कक्ष में दैनिक दिनचर्या के रूप में कुछ निर्धारित नियमों के रूप में चार्ट आदि के माध्यम से कक्षा में प्रदर्शित किया जाए तो बच्चे इसे दैनिक रूप से व्यवहार में लाने में सक्षम होंगे। शिक्षण के दौरान पठन के दौरान उपयुक्त TLM, पोस्टर का उपयोग कर हम अपनी कक्षा को अधिक सक्रिय बनाने में सक्षम होंगे और बच्चों की विषय पर अवधारणाएं स्पष्ट करने में सहयोग प्राप्त होगा। | GE14: पाठ योजना निर्माण हेतु ओर अधिक स्पष्टता की आवश्यकता है। | GM14: 695317580 | GN14: caef4b35-95e1-495f-a800-df4da9b1877e | GO14: 45894.285 | GR14: submitted_via_web | GT14: vVLoBVrPnDmiCZ8fxF6Nin | GV14: uuid:caef4b35-95e1-495f-a800-df4da9b1877e | GW14: 13
A15: 45894.581 | B15: 45894.599 | H15: 45894 | I15: Bidisha Bose | L15: No | M15: Bhopal | N15: Phanda Urban Old | O15: 23320301006 | S15: गणित | U15: पुरुष | V15: Naveen Mishra | W15: Bo8037 | X15: हाँ | Y15: कक्षा 6 | Z15: 1 | AA15: 0 | AB15: 0 | AC15: 20 | AD15: 6 | AE15: 6 | AF15: Revision | AG15: विज्ञान | AH15: 0 | AI15: 0 | AJ15: 0 | AK15: 0 | AL15: 0 | AM15: 0 | AN15: 1 | AO15: 0 | AP15: 0 | AR15: विज्ञान | AS15: 24 | AT15: 11 | AU15: iii.शिक्षक कक्षा की शरुआत रोचक तरीके से हुक तकनीक के उपयोग से करते है (हुक: एक तकनीक जो विद्यार्थियों को आकर्षित करने के लिए पाठ का परिचय कहानी, वस्तुओं, तथ्य और प्रश्नों के माध्यम से किया जाता है। यह 30 सेकण्ड से 3 मिनट का एक छोटा भाग होता है।) | AV15: i. व्याख्यान करते हैं। iii. टीएलएम का उपयोग करते हैं (पाठ्यपुस्तक और ब्लैक/वाइट बोर्ड के अलावा) iv. गतिविधि या खेल | AW15: 1 | AX15: 0 | AY15: 1 | AZ15: 1 | BA15: 0 | BC15: iii.40% या उससे अधिक (अपेक्षा अनुरूप) विद्यार्थियों की सहभागिता है। | BD15: i.हुक का प्रयोग v.विद्यार्थी के कार्यों (अकादमिक/गैर अकादमिक) पर रचनात्मक फीडबैक (Constructive Feedback) | BE15: 1 | BF15: 0 | BG15: 0 | BH15: 0 | BI15: 1 | BJ15: 0 | BK15: iii.शिक्षक बंद और खुले-छोर (close & open-ended questions) वाले प्रश्नों को मिश्रित रूप से पूछते हैं | BL15: iii.समय दिया गया और अधिकांशतः सोचने के लिए पर्याप्त था। | BM15: iii.शिक्षक अधिकांशत: प्रश्नों पर प्रतिक्रिया हेतु रेन्डम/बिना किसी क्रम के प्रश्न पूछने की तकनीक का उपयोग करते हैं (जैसे कोल्ड कॉलिंग)। | BN15: iii.हाँ, अधिकांशतः विद्यार्थियों का त्वरित आकलन (मौखिक या लिखित - जैसे सभी से कुछ सवाल या एक्ज़िट टिकिट) करते हुए उनके अलग अलग जवाब लिए गए| | BO15: ii.शिक्षक स्वतंत्र कार्य के लिए विद्यार्थियों को समय देते हैं, लेकिन विद्यार्थियों के कार्य की जाँच करने और उनकी सहायता करने के लिए कक्षा में भ्रमण नहीं करते हैं। | BP15: i.शिक्षक विद्यार्थियों को समूह कार्य के अवसर प्रदान नहीं करते हैं। | BQ15: ii.नहीं | BS15: i.हाँ | BT15: i.कक्षा के नियम या दिनचर्या/रूटीन निर्धारित नहीं हैं। | BU15: iii.नहीं देखा गया (शिक्षक ने न तो रूढ़िवादिता या भेदभाव को बढ़ावा दिया/अभ्यास किया और न ही विद्यार्थियों को रूढ़िवादिता या भेदभाव के बारे में जागरूक किया) | BV15: i.अवलोकन के दौरान रूढ़िवादिता या भेदभाव की कोई घटना नहीं देखी गई। | BW15: ii.नहीं | CF15: i.TLM का उपयोग किया ii.विषय से संबंधित गतिविधियाँ iii.समझ की जाँच (CFU) प्रश्न | CG15: 1 | CH15: 1 | CI15: 1 | CJ15: 0 | CK15: 0 | CL15: 1. नियमित रूप से बिना देरी के तुरंत जाँची जाती है। | CM15: 3.अधिकांश त्रुटियों की पहचान की जाती है और उन्हें सुधारा जाता है। | CN15: 3.विशिष्ट और करने योग्य फीडबैक दिए गए और लिखे गए। | CO15: 1.नोटबुक को साफ़ सुथरा रखने और प्रस्तुतिकरण पर कोई टिप्पणी या फीडबैक नहीं। | CP15: iii.50% से अधिक विद्यार्थी विषय-विशिष्ट नोटबुक में काम करते हैं। | CQ15: 11 | CR15: ii.नहीं | CV15: i.सभी तीन विद्यार्थी धाराप्रवाह के साथ पढ़ पा रहें हैं। | CW15: i.सभी तीन विद्यार्थी पढ़े हुए पैराग्राफ का कम से कम 70% समझ पा रहें हैं। | CX15: ii.किन्ही दो विद्यार्थियों ने बिना किसी त्रुटि के लिखा है। | GC15: Hands were raised to answer and teacher reminded, no chorus answers were encouraged and teacher interacted with every student | GD15: To circulate during individual task, classroom can be made print rich and attendance issue can be reflected upon | GE15: Training can be longer. More days for discussing pedagogy. | GF15: NA | GM15: 695373741 | GN15: 17cb4784-ea85-431e-afb0-c874bb23adfc | GO15: 45894.37 | GR15: submitted_via_web | GT15: vVLoBVrPnDmiCZ8fxF6Nin | GV15: uuid:17cb4784-ea85-431e-afb0-c874bb23adfc | GW15: 14
A16: 45892.541 | B16: 45895.487 | H16: 45892 | I16: Ritesh Rathore | L16: No | M16: Betul | N16: Multai | O16: 23350815501 | S16: सामाजिक विज्ञान | U16: पुरुष | V16: Mr. Krishna Patil | W16: BF6086 | X16: हाँ | Y16: कक्षा 6 | Z16: 1 | AA16: 0 | AB16: 0 | AC16: 204 | AD16: 204 | AE16: 204 | AF16: Teaching | AG16: सामाजिक विज्ञान | AH16: 0 | AI16: 0 | AJ16: 0 | AK16: 0 | AL16: 0 | AM16: 0 | AN16: 0 | AO16: 1 | AP16: 0 | AR16: सामाजिक विज्ञान | AS16: 5 | AT16: 3 | AU16: i.शिक्षक कक्षा की शुरुआत, बिना किसी भूमिका के सीधे पढ़ाने से शुरू कर देते हैं। | AV16: i. व्याख्यान करते हैं। | AW16: 1 | AX16: 0 | AY16: 0 | AZ16: 0 | BA16: 0 | BC16: i.10 % से कम विद्यार्थियों की सहभागिता है और अधिकांशतः शिक्षक ही बोल रहे हैं। | BD16: vi.इनमें से कोई नहीं देखा गया | BE16: 0 | BF16: 0 | BG16: 0 | BH16: 0 | BI16: 0 | BJ16: 1 | BK16: i.शिक्षक ने प्रश्न नही पूछे | BN16: i. अधिकांशतः हाँ/ना में सामूहिक उत्तर लेना | BO16: i.शिक्षक स्वतंत्र कार्य के लिए विद्यार्थियों को समय नहीं देते हैं। | BP16: i.शिक्षक विद्यार्थियों को समूह कार्य के अवसर प्रदान नहीं करते हैं। | BQ16: i.हाँ (यदि हाँ, तो कृपया यहाँ उदाहरण का विवरण दें) | BR16: कक्षा में एक बच्चा विशेष आवश्यकता वाला था जिसे शिक्षक बार बार पागल कर संबोधित कर रहे थे | BS16: ii.नहीं | BT16: i.कक्षा के नियम या दिनचर्या/रूटीन निर्धारित नहीं हैं। | BU16: ii.शिक्षक ने स्वयं रूढ़िवादिता या भेदभाव को बढ़ावा दिया। | BV16: ii.रूढ़िवादिता या भेदभाव की एक या अधिक घटनाएं देखी गईं, लेकिन शिक्षक ने मुद्दे को संबोधित नहीं किया/मुद्दे को हल करने में विफल रहे। | BW16: ii.नहीं | CF16: v.उपरोक्त में से कोई भी नहीं | CG16: 0 | CH16: 0 | CI16: 0 | CJ16: 0 | CK16: 1 | CL16: 2. अनियमितता के साथ कभी कभी जाँची जाती है। | CM16: 1.त्रुटियों की न तो पहचान की जाती है और न ही उन्हें सुधारा जाता है। | CN16: 1.कोई फीडबैक नहीं दिया गया। | CO16: 1.नोटबुक को साफ़ सुथरा रखने और प्रस्तुतिकरण पर कोई टिप्पणी या फीडबैक नहीं। | CP16: iii.50% से अधिक विद्यार्थी विषय-विशिष्ट नोटबुक में काम करते हैं। | CQ16: 3 | CR16: ii.नहीं | CV16: ii.कोई दो विद्यार्थी धाराप्रवाह के साथ पढ़ पा रहें हैं। | CW16: iv. कोई भी विद्यार्थी पढ़े हुए पैराग्राफ का कम से कम 70% नही समझ पा रहा है। | CX16: iii.किसी एक विद्यार्थी ने बिना किसी त्रुटि के लिखा है। | GC16: शिक्षक के साथ कक्षा में बैठक व्यवस्था को लेकर, बच्चों के पास उपलब्ध पाठ्यपुस्तकों की उपलब्धता एवं बच्चों के द्वारा इनके उपयोग पर सकारात्मक बिंदु साझा किये गए | GD16: बच्चों के साथ आप मेहनत कर रहे हैं, बच्चे पढ़ पा रहे हैं आप इन्हें लेखन पर सहयोग प्रदान कर दक्षताओं में और अधिक बृद्धि करना सुनिश्चित कर सकते हैं, बच्चों को इनके किये गए कार्यों को आप समय समय पर जांचते हैं इसे आप नियमित रूप से कर बच्चों को उपयुक्त फीडबैक प्रदान कर सुधार की और लेकर जा सकते हैं | GE16: प्रशिक्षण प्रदान करने के कोशलों पर मदद चाहूंगा क्योंकि मेरी रूचि बच्चों को पढ़ाने में नहीं है प्रशिक्षण देने में है | GM16: 695780599 | GN16: 72bc82c2-0d14-4d23-8340-f0d77f0ca1ef | GO16: 45895.258 | GR16: submitted_via_web | GT16: vVLoBVrPnDmiCZ8fxF6Nin | GV16: uuid:72bc82c2-0d14-4d23-8340-f0d77f0ca1ef | GW16: 15
A17: 45895.487 | B17: 45895.498 | H17: 45895 | I17: Ritesh Rathore | L17: No | M17: Betul | N17: Multai | O17: 23350806002 | S17: विज्ञान | U17: महिला | V17: Mrs. Kavita Mankar | W17: Bq9186 | X17: नहीं | Y17: कक्षा 8 | Z17: 0 | AA17: 0 | AB17: 1 | AC17: 192 | AD17: 192 | AE17: 192 | AF17: Teaching | AG17: विज्ञान | AH17: 0 | AI17: 0 | AJ17: 0 | AK17: 0 | AL17: 0 | AM17: 0 | AN17: 1 | AO17: 0 | AP17: 0 | AR17: विज्ञान | AS17: 15 | AT17: 9 | AU17: iii.शिक्षक कक्षा की शरुआत रोचक तरीके से हुक तकनीक के उपयोग से करते है (हुक: एक तकनीक जो विद्यार्थियों को आकर्षित करने के लिए पाठ का परिचय कहानी, वस्तुओं, तथ्य और प्रश्नों के माध्यम से किया जाता है। यह 30 सेकण्ड से 3 मिनट का एक छोटा भाग होता है।) | AV17: ii. विद्यार्थियों से पाठ के कुछ हिस्सों को पढ़ने के लिए कहते हैं। | AW17: 0 | AX17: 1 | AY17: 0 | AZ17: 0 | BA17: 0 | BC17: iii.40% या उससे अधिक (अपेक्षा अनुरूप) विद्यार्थियों की सहभागिता है। | BD17: vi.इनमें से कोई नहीं देखा गया | BE17: 0 | BF17: 0 | BG17: 0 | BH17: 0 | BI17: 0 | BJ17: 1 | BK17: ii.शिक्षक केवल बंद-छोर वाले प्रश्न (close ended) पूछते हैं | BL17: ii.समय दिया गया, लेकिन दिया गया समय अपर्याप्त था। | BM17: i.शिक्षक अधिकांशत: प्रश्नों पर विद्यार्थियों से सामूहिक प्रतिक्रियाएँ लेते हैं। | BN17: iii.हाँ, अधिकांशतः विद्यार्थियों का त्वरित आकलन (मौखिक या लिखित - जैसे सभी से कुछ सवाल या एक्ज़िट टिकिट) करते हुए उनके अलग अलग जवाब लिए गए| | BO17: i.शिक्षक स्वतंत्र कार्य के लिए विद्यार्थियों को समय नहीं देते हैं। | BP17: i.शिक्षक विद्यार्थियों को समूह कार्य के अवसर प्रदान नहीं करते हैं। | BQ17: ii.नहीं | BS17: i.हाँ | BT17: i.कक्षा के नियम या दिनचर्या/रूटीन निर्धारित नहीं हैं। | BU17: iii.नहीं देखा गया (शिक्षक ने न तो रूढ़िवादिता या भेदभाव को बढ़ावा दिया/अभ्यास किया और न ही विद्यार्थियों को रूढ़िवादिता या भेदभाव के बारे में जागरूक किया) | BV17: i.अवलोकन के दौरान रूढ़िवादिता या भेदभाव की कोई घटना नहीं देखी गई। | BW17: ii.नहीं | CF17: iii.समझ की जाँच (CFU) प्रश्न iv.गृहकार्य देना | CG17: 0 | CH17: 0 | CI17: 1 | CJ17: 1 | CK17: 0 | CL17: 1. नियमित रूप से बिना देरी के तुरंत जाँची जाती है। | CM17: 3.अधिकांश त्रुटियों की पहचान की जाती है और उन्हें सुधारा जाता है। | CN17: 2.“अच्छा” या “ठीक है” जैसी सामान्य टिप्पणियाँ लिखी गईं। | CO17: 1.नोटबुक को साफ़ सुथरा रखने और प्रस्तुतिकरण पर कोई टिप्पणी या फीडबैक नहीं। | CP17: iii.50% से अधिक विद्यार्थी विषय-विशिष्ट नोटबुक में काम करते हैं। | CQ17: 9 | CR17: ii.नहीं | CV17: i.सभी तीन विद्यार्थी धाराप्रवाह के साथ पढ़ पा रहें हैं। | CW17: i.सभी तीन विद्यार्थी पढ़े हुए पैराग्राफ का कम से कम 70% समझ पा रहें हैं। | CX17: i.सभी तीन विद्यार्थियों ने बिना किसी त्रुटि के लिखा है। | GC17: आपके द्वारा बहुत ही प्रभावी रूप से बच्चों को विषय वास्तु के सम्बन्ध में बोर्ड पर चित्र आदि बनाते हुए बच्चों को विषय से जोड़ा, पढ़ाये जा रहे विषय को बच्चों के दैनिक जीवन से जोड़ कर बताया ये भी बहुत ही प्रभावी रहा साथ ही पाठ्यपुस्तकों का उपयोग भी आपने सुनिश्चित किया यह भी बहुत अच्छा रहा | GD17: आप बहुत ही प्रभावी तरीके से बच्चों को कक्षा में सक्रीय करने का प्रयास कर रही थी, इस प्रक्रिया में आप कॉल्ड कालिंग, थिंक पेयर शेयर आदि का भी उपयोग कर सकते हैं, पाठ को अधिक प्रभावी बनाने के लिए हम अपनी पथ योजना का भी निर्माण कर सकते हैं गो हमें पथ को पढ़ाते समय और अधिक प्रभावी बनाने और निर्धारित लक्ष्यों को प्राप्त करने में सहयोग कर सकती है | GE17: ब्लॉक स्तर के प्रशिक्षण में पाठयोजना पर समझ नहीं बन पाई अत: पाठयोजना निर्माण के लिए और अधिक सहयोग की आवश्यकता है | GM17: 695786761 | GN17: fdef3e4f-23ae-424d-92f1-65e329b2cf6f | GO17: 45895.269 | GR17: submitted_via_web | GT17: vVLoBVrPnDmiCZ8fxF6Nin | GV17: uuid:fdef3e4f-23ae-424d-92f1-65e329b2cf6f | GW17: 16
A18: 45895.498 | B18: 45895.514 | H18: 45895 | I18: Ritesh Rathore | L18: No | M18: Betul | N18: Shahpur | O18: 23350100103 | S18: विज्ञान | U18: महिला | V18: Mrs. Barkha Singare | W18: BY4825 | X18: हाँ | Y18: कक्षा 6 | Z18: 1 | AA18: 0 | AB18: 0 | AC18: 144 | AD18: 144 | AE18: 144 | AF18: Teaching | AG18: विज्ञान | AH18: 0 | AI18: 0 | AJ18: 0 | AK18: 0 | AL18: 0 | AM18: 0 | AN18: 1 | AO18: 0 | AP18: 0 | AR18: विज्ञान | AS18: 69 | AT18: 42 | AU18: iii.शिक्षक कक्षा की शरुआत रोचक तरीके से हुक तकनीक के उपयोग से करते है (हुक: एक तकनीक जो विद्यार्थियों को आकर्षित करने के लिए पाठ का परिचय कहानी, वस्तुओं, तथ्य और प्रश्नों के माध्यम से किया जाता है। यह 30 सेकण्ड से 3 मिनट का एक छोटा भाग होता है।) | AV18: iii. टीएलएम का उपयोग करते हैं (पाठ्यपुस्तक और ब्लैक/वाइट बोर्ड के अलावा) | AW18: 0 | AX18: 0 | AY18: 1 | AZ18: 0 | BA18: 0 | BC18: iii.40% या उससे अधिक (अपेक्षा अनुरूप) विद्यार्थियों की सहभागिता है। | BD18: i.हुक का प्रयोग ii.थिंक पेयर शेयर iii.समूह चर्चा | BE18: 1 | BF18: 1 | BG18: 1 | BH18: 0 | BI18: 0 | BJ18: 0 | BK18: iii.शिक्षक बंद और खुले-छोर (close & open-ended questions) वाले प्रश्नों को मिश्रित रूप से पूछते हैं | BL18: iii.समय दिया गया और अधिकांशतः सोचने के लिए पर्याप्त था। | BM18: iii.शिक्षक अधिकांशत: प्रश्नों पर प्रतिक्रिया हेतु रेन्डम/बिना किसी क्रम के प्रश्न पूछने की तकनीक का उपयोग करते हैं (जैसे कोल्ड कॉलिंग)। | BN18: ii.हाँ, अधिकांशतः कुछ बुनियादी समझ की जाँच की तकनीक (हाथ उठाना, अंगूठा दिखाना, आदि) का प्रयोग किया गया | BO18: iv.शिक्षक स्वतंत्र कार्य के लिए विद्यार्थियों को समय देते हैं और विद्यार्थियों के कार्य की जाँच करने और उनकी सहायता करने के लिए कक्षा में भ्रमण भी करते हैं। | BP18: iv.शिक्षक समूह में सीखने के अवसर प्रदान करते हैं और विद्यार्थियों के कार्य की जाँच करने और उनकी सहायता के लिए कक्षा में भ्रमण करते हैं। | BQ18: ii.नहीं | BS18: i.हाँ | BT18: ii.कक्षा के नियम या दिनचर्या/ रूटीन निर्धारित हैं, लेकिन नियमित रूप से सुदृढ़ नहीं किए जाते हैं (आवश्यकता होने पर भी)। | BU18: iii.नहीं देखा गया (शिक्षक ने न तो रूढ़िवादिता या भेदभाव को बढ़ावा दिया/अभ्यास किया और न ही विद्यार्थियों को रूढ़िवादिता या भेदभाव के बारे में जागरूक किया) | BV18: i.अवलोकन के दौरान रूढ़िवादिता या भेदभाव की कोई घटना नहीं देखी गई। | BW18: ii.नहीं | CF18: i.TLM का उपयोग किया ii.विषय से संबंधित गतिविधियाँ iii.समझ की जाँच (CFU) प्रश्न iv.गृहकार्य देना | CG18: 1 | CH18: 1 | CI18: 1 | CJ18: 1 | CK18: 0 | CL18: 1. नियमित रूप से बिना देरी के तुरंत जाँची जाती है। | CM18: 3.अधिकांश त्रुटियों की पहचान की जाती है और उन्हें सुधारा जाता है। | CN18: 3.विशिष्ट और करने योग्य फीडबैक दिए गए और लिखे गए। | CO18: 3.नोटबुक को साफ सुथरा रखने और प्रस्तुतिकरण पर नियमित टिप्पणी या फीडबैक। | CP18: iii.50% से अधिक विद्यार्थी विषय-विशिष्ट नोटबुक में काम करते हैं। | CQ18: 42 | CR18: i.हाँ | CS18: i.अधिकतर नए | CT18: ii.अधिकतर शिक्षकों द्वारा बनाया गए | CU18: ii.कक्षा में मौजूद चार्ट/पोस्टर शैक्षणिक विषयों पर हैं, लेकिन कक्षा में शामिल/पढ़ाए नहीं जा रहे हैं। | CV18: i.सभी तीन विद्यार्थी धाराप्रवाह के साथ पढ़ पा रहें हैं। | CW18: i.सभी तीन विद्यार्थी पढ़े हुए पैराग्राफ का कम से कम 70% समझ पा रहें हैं। | CX18: i.सभी तीन विद्यार्थियों ने बिना किसी त्रुटि के लिखा है। | GC18: मेम आपने अपनी कक्षा में सभी बच्चों को व्यवस्थित बैठक व्यवस्था उपलब्ध कराइ है और आप कक्षा संचालन के दौरान भ्रमण भी कर पा रहे हैं, आपने TLM के रूप में पर्यावरण का भरपूर उपयोग किया ये भी बहुत अच्छा था | GD18: आपने विषय पढ़ाते समय बच्चों को TLM जिनमे आपने छोटे छोटे पोधे और झाड़ियों का उपयोग किया आपकी कक्षा में पोस्टर भी उपलब्ध हैं इनके निर्माण एवं पर्यावरण से आवश्यक सामग्री का चुनाव करने में बच्चों का सहयोग लें तो बच्चों की समझ और बेहतर रूप से मजबूत करने में सहयोग मिल सकता है, पाठ को पढ़ाते समय आपकी तैयारी बहुत अच्छी रही इसे हम पाठ योजना के रूप में तैयार कर नियमित रूप से उपयोग कर इसकी आवश्यकता को साथी शिक्षकों के साथ साझा कर अन्य को भी प्रेरित कर सकते हैं, | GE18: प्रभावी पाठ योजना निर्माण के लिए हम कैसे अपना समय प्रबंधन करे इस पर सहयोग की आवश्यकता है, क्योंकि इसे बनाने में हमें बहुत अधिक समय लगता है प्रशिक्षण के बात एक बार ही पाठ योजना बना पाई | GM18: 695795015 | GN18: 411f0343-d85f-4991-a807-361ede429fd2 | GO18: 45895.285 | GR18: submitted_via_web | GT18: vVLoBVrPnDmiCZ8fxF6Nin | GV18: uuid:411f0343-d85f-4991-a807-361ede429fd2 | GW18: 17
A19: 45895.514 | B19: 45895.525 | H19: 45895 | I19: Ritesh Rathore | L19: No | M19: Narmadapuram | N19: Kesla | O19: 23370409502 | S19: सामाजिक विज्ञान | U19: महिला | V19: Mrs. Hemlata Dhurbe | W19: BK9040 | X19: नहीं | Y19: कक्षा 6 | Z19: 1 | AA19: 0 | AB19: 0 | AC19: 180 | AD19: 180 | AE19: 180 | AF19: Teaching | AG19: सामाजिक विज्ञान | AH19: 0 | AI19: 0 | AJ19: 0 | AK19: 0 | AL19: 0 | AM19: 0 | AN19: 0 | AO19: 1 | AP19: 0 | AR19: सामाजिक विज्ञान | AS19: 5 | AT19: 4 | AU19: i.शिक्षक कक्षा की शुरुआत, बिना किसी भूमिका के सीधे पढ़ाने से शुरू कर देते हैं। | AV19: i. व्याख्यान करते हैं। | AW19: 1 | AX19: 0 | AY19: 0 | AZ19: 0 | BA19: 0 | BC19: iii.40% या उससे अधिक (अपेक्षा अनुरूप) विद्यार्थियों की सहभागिता है। | BD19: vi.इनमें से कोई नहीं देखा गया | BE19: 0 | BF19: 0 | BG19: 0 | BH19: 0 | BI19: 0 | BJ19: 1 | BK19: iii.शिक्षक बंद और खुले-छोर (close & open-ended questions) वाले प्रश्नों को मिश्रित रूप से पूछते हैं | BL19: ii.समय दिया गया, लेकिन दिया गया समय अपर्याप्त था। | BM19: i.शिक्षक अधिकांशत: प्रश्नों पर विद्यार्थियों से सामूहिक प्रतिक्रियाएँ लेते हैं। | BN19: i. अधिकांशतः हाँ/ना में सामूहिक उत्तर लेना | BO19: i.शिक्षक स्वतंत्र कार्य के लिए विद्यार्थियों को समय नहीं देते हैं। | BP19: i.शिक्षक विद्यार्थियों को समूह कार्य के अवसर प्रदान नहीं करते हैं। | BQ19: ii.नहीं | BS19: i.हाँ | BT19: i.कक्षा के नियम या दिनचर्या/रूटीन निर्धारित नहीं हैं। | BU19: iii.नहीं देखा गया (शिक्षक ने न तो रूढ़िवादिता या भेदभाव को बढ़ावा दिया/अभ्यास किया और न ही विद्यार्थियों को रूढ़िवादिता या भेदभाव के बारे में जागरूक किया) | BV19: i.अवलोकन के दौरान रूढ़िवादिता या भेदभाव की कोई घटना नहीं देखी गई। | BW19: ii.नहीं | CF19: iv.गृहकार्य देना | CG19: 0 | CH19: 0 | CI19: 0 | CJ19: 1 | CK19: 0 | CL19: 1. नियमित रूप से बिना देरी के तुरंत जाँची जाती है। | CM19: 2.कुछ त्रुटियों की पहचान की जाती है, लेकिन सुधार के सुझाव नहीं दिये जाते हैं। | CN19: 2.“अच्छा” या “ठीक है” जैसी सामान्य टिप्पणियाँ लिखी गईं। | CO19: 1.नोटबुक को साफ़ सुथरा रखने और प्रस्तुतिकरण पर कोई टिप्पणी या फीडबैक नहीं। | CP19: iii.50% से अधिक विद्यार्थी विषय-विशिष्ट नोटबुक में काम करते हैं। | CQ19: 4 | CR19: ii.नहीं | CV19: i.सभी तीन विद्यार्थी धाराप्रवाह के साथ पढ़ पा रहें हैं। | CW19: ii.कोई दो विद्यार्थीपढ़े हुए पैराग्राफ का कम से कम 70% समझ पा रहें हैं। | CX19: i.सभी तीन विद्यार्थियों ने बिना किसी त्रुटि के लिखा है। | GC19: आपका बच्चों के साथ बहुत अच्चा जुड़ाव है, आपने अपनी कक्षा में बच्चों को पढ़ने और लेखन में सक्षम किया ये आपके प्रयासों को दिखाता है | GD19: आप पढ़ाने के दौरान बच्चों के साथ सक्रीय है बच्चों को सक्रीय करने के लिए आप बच्चों को कॉल्ड काल के माध्यम से सक्रीय कर सकते हैं, कक्षा में नामंकन कम है पर उपस्थिति अच्छी है इनके साथ आप सुव्यवस्थित पाठ योजना का निर्माण कर प्रत्येक बच्चे के लिए निर्धारित योग्यताओं पर काम कर पाएंगी | GE19: नहीं | GM19: 695801073 | GN19: 1cadc652-1c83-464f-a630-62463330109f | GO19: 45895.296 | GR19: submitted_via_web | GT19: vVLoBVrPnDmiCZ8fxF6Nin | GV19: uuid:1cadc652-1c83-464f-a630-62463330109f | GW19: 18
A20: 45895.568 | B20: 45895.575 | C20: 23.151373 75.806013 461.6000061035156 100 | D20: 23.151373 | E20: 75.806013 | F20: 461.60001 | G20: 100 | H20: 45895 | I20: Rahul Kumar | L20: Yes | M20: Ujjain | N20: Ujjain Urban | O20: 23210705302 | P20: Khalil Ahamad Mansuri | Q20: Social Science | R20: नहीं | S20: संस्कृत | U20: पुरुष | Y20: कक्षा 6 | Z20: 1 | AA20: 0 | AB20: 0 | AC20: 16 | AD20: 12 | AE20: 12 | AF20: Teaching | AG20: हिन्दी संस्कृत सामाजिक विज्ञान | AH20: 1 | AI20: 0 | AJ20: 0 | AK20: 0 | AL20: 1 | AM20: 0 | AN20: 0 | AO20: 1 | AP20: 0 | AR20: संस्कृत | AS20: 73 | AT20: 17 | AU20: iii.शिक्षक कक्षा की शरुआत रोचक तरीके से हुक तकनीक के उपयोग से करते है (हुक: एक तकनीक जो विद्यार्थियों को आकर्षित करने के लिए पाठ का परिचय कहानी, वस्तुओं, तथ्य और प्रश्नों के माध्यम से किया जाता है। यह 30 सेकण्ड से 3 मिनट का एक छोटा भाग होता है।) | AV20: i. व्याख्यान करते हैं। ii. विद्यार्थियों से पाठ के कुछ हिस्सों को पढ़ने के लिए कहते हैं। | AW20: 1 | AX20: 1 | AY20: 0 | AZ20: 0 | BA20: 0 | BC20: ii.10% - 40% विद्यार्थियों की सहभागिता है और शिक्षक ही अधिकांशतः बोल रहे हैं। | BD20: i.हुक का प्रयोग | BE20: 1 | BF20: 0 | BG20: 0 | BH20: 0 | BI20: 0 | BJ20: 0 | BK20: ii.शिक्षक केवल बंद-छोर वाले प्रश्न (close ended) पूछते हैं | BL20: ii.समय दिया गया, लेकिन दिया गया समय अपर्याप्त था। | BM20: i.शिक्षक अधिकांशत: प्रश्नों पर विद्यार्थियों से सामूहिक प्रतिक्रियाएँ लेते हैं। | BN20: i. अधिकांशतः हाँ/ना में सामूहिक उत्तर लेना | BO20: i.शिक्षक स्वतंत्र कार्य के लिए विद्यार्थियों को समय नहीं देते हैं। | BP20: i.शिक्षक विद्यार्थियों को समूह कार्य के अवसर प्रदान नहीं करते हैं। | BQ20: ii.नहीं | BS20: i.हाँ | BT20: iii.कक्षा के नियम या दिनचर्या/ रूटीन निर्धारित हैं, नियमित रूप से सुदृढ़ किए जाते हैं लेकिन प्रभावी नहीं है। | BU20: iii.नहीं देखा गया (शिक्षक ने न तो रूढ़िवादिता या भेदभाव को बढ़ावा दिया/अभ्यास किया और न ही विद्यार्थियों को रूढ़िवादिता या भेदभाव के बारे में जागरूक किया) | BV20: i.अवलोकन के दौरान रूढ़िवादिता या भेदभाव की कोई घटना नहीं देखी गई। | BW20: ii.नहीं | CF20: iii.समझ की जाँच (CFU) प्रश्न iv.गृहकार्य देना | CG20: 0 | CH20: 0 | CI20: 1 | CJ20: 1 | CK20: 0 | CL20: 2. अनियमितता के साथ कभी कभी जाँची जाती है। | CM20: 3.अधिकांश त्रुटियों की पहचान की जाती है और उन्हें सुधारा जाता है। | CN20: 2.“अच्छा” या “ठीक है” जैसी सामान्य टिप्पणियाँ लिखी गईं। | CO20: 1.नोटबुक को साफ़ सुथरा रखने और प्रस्तुतिकरण पर कोई टिप्पणी या फीडबैक नहीं। | CP20: ii.50% से कम विद्यार्थी विषय-विशिष्ट नोटबुक में काम करते हैं। | CQ20: 17 | CR20: ii.नहीं | CV20: i.सभी तीन विद्यार्थी धाराप्रवाह के साथ पढ़ पा रहें हैं। | CW20: i.सभी तीन विद्यार्थी पढ़े हुए पैराग्राफ का कम से कम 70% समझ पा रहें हैं। | CX20: i.सभी तीन विद्यार्थियों ने बिना किसी त्रुटि के लिखा है। | GC20: 1 - पाठ्य पुस्तक के विषय वस्तु पर विस्तृत चर्चा कर दैनिक जीवन से जोड़ा गया । 2 - बीच बीच में समझ की जाँच की गई 3 - कक्षा का प्रारंभ रोचक तरीके से करने का प्रयास किया गया। | GD20: 1 - सभी की सहभागिता सुनिश्चित की जा सकती थी 2 - पीछे बैठे छात्र की सहभागिता नहीं थी जिसे शिक्षक के द्वारा उनकी सहभागिता सुनिश्चित की जा सकती थी 3 - स्वतंत्र कार्य और समूह कार्य के अवसर दिये जा सकते थे। | GE20: NA | GF20: NA | GM20: 695831440 | GN20: 979dc511-f5c8-47c7-aa75-a868d4ebdf42 | GO20: 45895.346 | GR20: submitted_via_web | GT20: vVLoBVrPnDmiCZ8fxF6Nin | GV20: uuid:979dc511-f5c8-47c7-aa75-a868d4ebdf42 | GW20: 19
A21: 45895.599 | B21: 45895.68 | C21: 25.423755 77.658109 419.4000244140625 95.0479965209961 | D21: 25.423755 | E21: 77.658109 | F21: 419.40002 | G21: 95.047997 | H21: 45895 | I21: Shalu Sharma | L21: Yes | M21: Shivpuri | N21: Shivpuri | O21: 23060122502 | P21: Sanjay Shrivastava | Q21: Maths | R21: हाँ | U21: पुरुष | Y21: कक्षा 6 | Z21: 1 | AA21: 0 | AB21: 0 | AC21: 324 | AD21: 324 | AE21: 324 | AF21: Revision | AG21: गणित | AH21: 0 | AI21: 0 | AJ21: 0 | AK21: 0 | AL21: 0 | AM21: 1 | AN21: 0 | AO21: 0 | AP21: 0 | AR21: इंग्लिश | AS21: 43 | AT21: 23 | AU21: i.शिक्षक कक्षा की शुरुआत, बिना किसी भूमिका के सीधे पढ़ाने से शुरू कर देते हैं। | AV21: i. व्याख्यान करते हैं। iv. गतिविधि या खेल | AW21: 1 | AX21: 0 | AY21: 0 | AZ21: 1 | BA21: 0 | BC21: iii.40% या उससे अधिक (अपेक्षा अनुरूप) विद्यार्थियों की सहभागिता है। | BD21: v.विद्यार्थी के कार्यों (अकादमिक/गैर अकादमिक) पर रचनात्मक फीडबैक (Constructive Feedback) | BE21: 0 | BF21: 0 | BG21: 0 | BH21: 0 | BI21: 1 | BJ21: 0 | BK21: iii.शिक्षक बंद और खुले-छोर (close & open-ended questions) वाले प्रश्नों को मिश्रित रूप से पूछते हैं | BL21: ii.समय दिया गया, लेकिन दिया गया समय अपर्याप्त था। | BM21: iii.शिक्षक अधिकांशत: प्रश्नों पर प्रतिक्रिया हेतु रेन्डम/बिना किसी क्रम के प्रश्न पूछने की तकनीक का उपयोग करते हैं (जैसे कोल्ड कॉलिंग)। | BN21: ii.हाँ, अधिकांशतः कुछ बुनियादी समझ की जाँच की तकनीक (हाथ उठाना, अंगूठा दिखाना, आदि) का प्रयोग किया गया | BO21: iii.शिक्षक स्वतंत्र कार्य के लिए विद्यार्थियों को समय देते हैं और भ्रमण भी करते हैं लेकिन विद्यार्थियों के कार्य की जाँच और उनकी सहायता नहीं करते। | BP21: ii.शिक्षक समूह में सीखने के अवसर प्रदान करते हैं, लेकिन विद्यार्थियों के कार्य की जाँच करने और उनकी सहायता हेतु कक्षा में भ्रमण नहीं करते हैं। | BQ21: ii.नहीं | BS21: i.हाँ | BT21: iv.कक्षा के नियम या दिनचर्या/रूटीन निर्धारित हैं और आवश्यकता अनुसार लगातार सुदृढ़ किए जाते हैं एवं प्रभावी भी हैं। | BU21: iii.नहीं देखा गया (शिक्षक ने न तो रूढ़िवादिता या भेदभाव को बढ़ावा दिया/अभ्यास किया और न ही विद्यार्थियों को रूढ़िवादिता या भेदभाव के बारे में जागरूक किया) | BV21: i.अवलोकन के दौरान रूढ़िवादिता या भेदभाव की कोई घटना नहीं देखी गई। | BW21: ii.नहीं | CF21: i.TLM का उपयोग किया ii.विषय से संबंधित गतिविधियाँ iii.समझ की जाँच (CFU) प्रश्न iv.गृहकार्य देना | CG21: 1 | CH21: 1 | CI21: 1 | CJ21: 1 | CK21: 0 | CL21: 2. अनियमितता के साथ कभी कभी जाँची जाती है। | CM21: 2.कुछ त्रुटियों की पहचान की जाती है, लेकिन सुधार के सुझाव नहीं दिये जाते हैं। | CN21: 2.“अच्छा” या “ठीक है” जैसी सामान्य टिप्पणियाँ लिखी गईं। | CO21: 1.नोटबुक को साफ़ सुथरा रखने और प्रस्तुतिकरण पर कोई टिप्पणी या फीडबैक नहीं। | CP21: iii.50% से अधिक विद्यार्थी विषय-विशिष्ट नोटबुक में काम करते हैं। | CQ21: 20 | CR21: ii.नहीं | CV21: ii.कोई दो विद्यार्थी धाराप्रवाह के साथ पढ़ पा रहें हैं। | CW21: iii.कोई एक विद्यार्थी पढ़े हुए पैराग्राफ का कम से कम 70% समझ पा रहा है। | CX21: iii.किसी एक विद्यार्थी ने बिना किसी त्रुटि के लिखा है। | GC21: The teacher used attention grabbers and cold calling during the class. The objects present in class were used as TLM. The teacher had a planning to be done in class. Homework was also given and in absence of protractor students were encouraged to work in groups. | GD21: The teacher can add something to the wrong response of students to lead them to the correct response or give them more time to think about their response. More writing practice can be done in classroom. There were a few children at back who were not following can something be done for children below grade level. | GE21: Their is no continuous feedback and monitoring format for teachers. The trainings are good but follow is not done frequently. | GM21: 695907945 | GN21: ce90a800-0466-496d-9b3b-656451516cac | GO21: 45895.451 | GR21: submitted_via_web | GT21: vVLoBVrPnDmiCZ8fxF6Nin | GV21: uuid:ce90a800-0466-496d-9b3b-656451516cac | GW21: 20
A22: 45896.46 | B22: 45896.471 | C22: 23.206574 75.790043 448 8.164999961853027 | D22: 23.206574 | E22: 75.790043 | F22: 448 | G22: 8.165 | H22: 45896 | I22: Rahul Kumar | L22: No | M22: Ujjain | N22: Ujjain Urban | O22: 23210507103 | S22: गणित | U22: पुरुष | V22: संतोष गुणावादिया | W22: Bv9936 | X22: हाँ | Y22: कक्षा 6 | Z22: 1 | AA22: 0 | AB22: 0 | AC22: 12 | AD22: 12 | AE22: 12 | AF22: Teaching | AG22: विज्ञान | AH22: 0 | AI22: 0 | AJ22: 0 | AK22: 0 | AL22: 0 | AM22: 0 | AN22: 1 | AO22: 0 | AP22: 0 | AR22: गणित | AS22: 43 | AT22: 28 | AU22: iv.शिक्षक कक्षा के प्रारंभ में विद्यार्थियों का स्वागत करते हैं, उनका हाल चाल लेते हुए विषय पर हुक/चर्चा के माध्यम से उनका विषय वस्तु के साथ जुड़ाव बनाकर सकारात्मक शुरुआत करते हैं। | AV22: i. व्याख्यान करते हैं। iii. टीएलएम का उपयोग करते हैं (पाठ्यपुस्तक और ब्लैक/वाइट बोर्ड के अलावा) | AW22: 1 | AX22: 0 | AY22: 1 | AZ22: 0 | BA22: 0 | BC22: iii.40% या उससे अधिक (अपेक्षा अनुरूप) विद्यार्थियों की सहभागिता है। | BD22: i.हुक का प्रयोग iii.समूह चर्चा v.विद्यार्थी के कार्यों (अकादमिक/गैर अकादमिक) पर रचनात्मक फीडबैक (Constructive Feedback) | BE22: 1 | BF22: 0 | BG22: 1 | BH22: 0 | BI22: 1 | BJ22: 0 | BK22: iii.शिक्षक बंद और खुले-छोर (close & open-ended questions) वाले प्रश्नों को मिश्रित रूप से पूछते हैं | BL22: ii.समय दिया गया, लेकिन दिया गया समय अपर्याप्त था। | BM22: i.शिक्षक अधिकांशत: प्रश्नों पर विद्यार्थियों से सामूहिक प्रतिक्रियाएँ लेते हैं। | BN22: i. अधिकांशतः हाँ/ना में सामूहिक उत्तर लेना | BO22: ii.शिक्षक स्वतंत्र कार्य के लिए विद्यार्थियों को समय देते हैं, लेकिन विद्यार्थियों के कार्य की जाँच करने और उनकी सहायता करने के लिए कक्षा में भ्रमण नहीं करते हैं। | BP22: i.शिक्षक विद्यार्थियों को समूह कार्य के अवसर प्रदान नहीं करते हैं। | BQ22: ii.नहीं | BS22: i.हाँ | BT22: iv.कक्षा के नियम या दिनचर्या/रूटीन निर्धारित हैं और आवश्यकता अनुसार लगातार सुदृढ़ किए जाते हैं एवं प्रभावी भी हैं। | BU22: iii.नहीं देखा गया (शिक्षक ने न तो रूढ़िवादिता या भेदभाव को बढ़ावा दिया/अभ्यास किया और न ही विद्यार्थियों को रूढ़िवादिता या भेदभाव के बारे में जागरूक किया) | BV22: i.अवलोकन के दौरान रूढ़िवादिता या भेदभाव की कोई घटना नहीं देखी गई। | BW22: ii.नहीं | CF22: i.TLM का उपयोग किया ii.विषय से संबंधित गतिविधियाँ iv.गृहकार्य देना | CG22: 1 | CH22: 1 | CI22: 0 | CJ22: 1 | CK22: 0 | CL22: 1. नियमित रूप से बिना देरी के तुरंत जाँची जाती है। | CM22: 3.अधिकांश त्रुटियों की पहचान की जाती है और उन्हें सुधारा जाता है। | CN22: 3.विशिष्ट और करने योग्य फीडबैक दिए गए और लिखे गए। | CO22: 1.नोटबुक को साफ़ सुथरा रखने और प्रस्तुतिकरण पर कोई टिप्पणी या फीडबैक नहीं। | CP22: iii.50% से अधिक विद्यार्थी विषय-विशिष्ट नोटबुक में काम करते हैं। | CQ22: 28 | CR22: ii.नहीं | CV22: i.सभी तीन विद्यार्थी धाराप्रवाह के साथ पढ़ पा रहें हैं। | CW22: i.सभी तीन विद्यार्थी पढ़े हुए पैराग्राफ का कम से कम 70% समझ पा रहें हैं। | CX22: i.सभी तीन विद्यार्थियों ने बिना किसी त्रुटि के लिखा है। | GC22: 1 - हुक से कक्षा का प्रारंभ किया गया । 2 - TLM का उपयोग किया गया , 3 - स्वतंत्र कार्य एवं अभ्यास कार्य करने का अवसर दिया गया। | GD22: CFU के प्रश्न शामिल किये जा सकते थे । 2 - विद्यार्थी के मध्य समूह कार्य करवाया जा सकता था 3- सोचने का अवसर अपर्याप्त था जिसे TPS के माध्यम से बढाया जा सकता था। | GE22: NA | GF22: NA | GM22: 696194079 | GN22: e01ec37b-418a-4c34-8335-8cdd3f39c653 | GO22: 45896.241 | GR22: submitted_via_web | GT22: vVLoBVrPnDmiCZ8fxF6Nin | GV22: uuid:e01ec37b-418a-4c34-8335-8cdd3f39c653 | GW22: 21
A23: 45896.471 | B23: 45896.482 | C23: 23.206649 75.790012 447.70001220703125 100 | D23: 23.206649 | E23: 75.790012 | F23: 447.70001 | G23: 100 | H23: 45896 | I23: Rahul Kumar | L23: Yes | M23: Ujjain | N23: Tarana | O23: 23210507103 | P23: Santosh Kumar Gunawadiya | Q23: Maths | R23: हाँ | U23: पुरुष | Y23: कक्षा 6 | Z23: 1 | AA23: 0 | AB23: 0 | AC23: 12 | AD23: 12 | AE23: 12 | AF23: Teaching | AG23: विज्ञान सामाजिक विज्ञान | AH23: 0 | AI23: 0 | AJ23: 0 | AK23: 0 | AL23: 0 | AM23: 0 | AN23: 1 | AO23: 1 | AP23: 0 | AR23: गणित | AS23: 43 | AT23: 28 | AU23: iv.शिक्षक कक्षा के प्रारंभ में विद्यार्थियों का स्वागत करते हैं, उनका हाल चाल लेते हुए विषय पर हुक/चर्चा के माध्यम से उनका विषय वस्तु के साथ जुड़ाव बनाकर सकारात्मक शुरुआत करते हैं। | AV23: i. व्याख्यान करते हैं। iii. टीएलएम का उपयोग करते हैं (पाठ्यपुस्तक और ब्लैक/वाइट बोर्ड के अलावा) | AW23: 1 | AX23: 0 | AY23: 1 | AZ23: 0 | BA23: 0 | BC23: iii.40% या उससे अधिक (अपेक्षा अनुरूप) विद्यार्थियों की सहभागिता है। | BD23: i.हुक का प्रयोग v.विद्यार्थी के कार्यों (अकादमिक/गैर अकादमिक) पर रचनात्मक फीडबैक (Constructive Feedback) | BE23: 1 | BF23: 0 | BG23: 0 | BH23: 0 | BI23: 1 | BJ23: 0 | BK23: iii.शिक्षक बंद और खुले-छोर (close & open-ended questions) वाले प्रश्नों को मिश्रित रूप से पूछते हैं | BL23: ii.समय दिया गया, लेकिन दिया गया समय अपर्याप्त था। | BM23: i.शिक्षक अधिकांशत: प्रश्नों पर विद्यार्थियों से सामूहिक प्रतिक्रियाएँ लेते हैं। | BN23: i. अधिकांशतः हाँ/ना में सामूहिक उत्तर लेना | BO23: ii.शिक्षक स्वतंत्र कार्य के लिए विद्यार्थियों को समय देते हैं, लेकिन विद्यार्थियों के कार्य की जाँच करने और उनकी सहायता करने के लिए कक्षा में भ्रमण नहीं करते हैं। | BP23: i.शिक्षक विद्यार्थियों को समूह कार्य के अवसर प्रदान नहीं करते हैं। | BQ23: ii.नहीं | BS23: i.हाँ | BT23: iv.कक्षा के नियम या दिनचर्या/रूटीन निर्धारित हैं और आवश्यकता अनुसार लगातार सुदृढ़ किए जाते हैं एवं प्रभावी भी हैं। | BU23: iii.नहीं देखा गया (शिक्षक ने न तो रूढ़िवादिता या भेदभाव को बढ़ावा दिया/अभ्यास किया और न ही विद्यार्थियों को रूढ़िवादिता या भेदभाव के बारे में जागरूक किया) | BV23: i.अवलोकन के दौरान रूढ़िवादिता या भेदभाव की कोई घटना नहीं देखी गई। | BW23: ii.नहीं | CF23: i.TLM का उपयोग किया ii.विषय से संबंधित गतिविधियाँ iv.गृहकार्य देना | CG23: 1 | CH23: 1 | CI23: 0 | CJ23: 1 | CK23: 0 | CL23: 1. नियमित रूप से बिना देरी के तुरंत जाँची जाती है। | CM23: 3.अधिकांश त्रुटियों की पहचान की जाती है और उन्हें सुधारा जाता है। | CN23: 3.विशिष्ट और करने योग्य फीडबैक दिए गए और लिखे गए। | CO23: 2.नोटबुक को साफ सुथरा रखने और प्रस्तुतिकरण पर अनियमित टिप्पणी या फीडबैक। | CP23: iii.50% से अधिक विद्यार्थी विषय-विशिष्ट नोटबुक में काम करते हैं। | CQ23: 23 | CR23: ii.नहीं | CV23: i.सभी तीन विद्यार्थी धाराप्रवाह के साथ पढ़ पा रहें हैं। | CW23: i.सभी तीन विद्यार्थी पढ़े हुए पैराग्राफ का कम से कम 70% समझ पा रहें हैं। | CX23: i.सभी तीन विद्यार्थियों ने बिना किसी त्रुटि के लिखा है। | GC23: 1 - हुक से कक्षा का प्रारंभ किया गया । 2 - TLM का उपयोग किया गया , 3 - स्वतंत्र कार्य एवं अभ्यास कार्य करने का अवसर दिया गया। | GD23: 1 - समूह कार्य का अवसर प्रदान किया जा सकता था । 2 - सोचने का समय बढाया जा सकता था । 3- CFU के तरीके में बदलाव किया जा सकता था। | GE23: NA | GF23: NA | GM23: 696198117 | GN23: ad9c2046-f910-4621-a836-fb0c02b1b23e | GO23: 45896.252 | GR23: submitted_via_web | GT23: vVLoBVrPnDmiCZ8fxF6Nin | GV23: uuid:ad9c2046-f910-4621-a836-fb0c02b1b23e | GW23: 22
A24: 45896.482 | B24: 45896.49 | C24: 23.206599 75.789987 447.70001220703125 48.900001525878906 | D24: 23.206599 | E24: 75.789987 | F24: 447.70001 | G24: 48.900002 | H24: 45896 | I24: Rahul Kumar | L24: No | M24: Agar Malwa | N24: Barod | O24: 23510113602 | S24: सामाजिक विज्ञान | U24: पुरुष | V24: Govind sisodiya | W24: BS7692 | X24: हाँ | Y24: कक्षा 6 | Z24: 1 | AA24: 0 | AB24: 0 | AC24: 15 | AD24: 2 | AE24: 15 | AF24: Teaching | AG24: सामाजिक विज्ञान | AH24: 0 | AI24: 0 | AJ24: 0 | AK24: 0 | AL24: 0 | AM24: 0 | AN24: 0 | AO24: 1 | AP24: 0 | AR24: सामाजिक विज्ञान | AS24: 15 | AT24: 14 | AU24: iii.शिक्षक कक्षा की शरुआत रोचक तरीके से हुक तकनीक के उपयोग से करते है (हुक: एक तकनीक जो विद्यार्थियों को आकर्षित करने के लिए पाठ का परिचय कहानी, वस्तुओं, तथ्य और प्रश्नों के माध्यम से किया जाता है। यह 30 सेकण्ड से 3 मिनट का एक छोटा भाग होता है।) | AV24: i. व्याख्यान करते हैं। ii. विद्यार्थियों से पाठ के कुछ हिस्सों को पढ़ने के लिए कहते हैं। iii. टीएलएम का उपयोग करते हैं (पाठ्यपुस्तक और ब्लैक/वाइट बोर्ड के अलावा) | AW24: 1 | AX24: 1 | AY24: 1 | AZ24: 0 | BA24: 0 | BC24: iii.40% या उससे अधिक (अपेक्षा अनुरूप) विद्यार्थियों की सहभागिता है। | BD24: i.हुक का प्रयोग iii.समूह चर्चा | BE24: 1 | BF24: 0 | BG24: 1 | BH24: 0 | BI24: 0 | BJ24: 0 | BK24: iii.शिक्षक बंद और खुले-छोर (close & open-ended questions) वाले प्रश्नों को मिश्रित रूप से पूछते हैं | BL24: iii.समय दिया गया और अधिकांशतः सोचने के लिए पर्याप्त था। | BM24: iii.शिक्षक अधिकांशत: प्रश्नों पर प्रतिक्रिया हेतु रेन्डम/बिना किसी क्रम के प्रश्न पूछने की तकनीक का उपयोग करते हैं (जैसे कोल्ड कॉलिंग)। | BN24: ii.हाँ, अधिकांशतः कुछ बुनियादी समझ की जाँच की तकनीक (हाथ उठाना, अंगूठा दिखाना, आदि) का प्रयोग किया गया | BO24: iv.शिक्षक स्वतंत्र कार्य के लिए विद्यार्थियों को समय देते हैं और विद्यार्थियों के कार्य की जाँच करने और उनकी सहायता करने के लिए कक्षा में भ्रमण भी करते हैं। | BP24: i.शिक्षक विद्यार्थियों को समूह कार्य के अवसर प्रदान नहीं करते हैं। | BQ24: ii.नहीं | BS24: i.हाँ | BT24: iii.कक्षा के नियम या दिनचर्या/ रूटीन निर्धारित हैं, नियमित रूप से सुदृढ़ किए जाते हैं लेकिन प्रभावी नहीं है। | BU24: iii.नहीं देखा गया (शिक्षक ने न तो रूढ़िवादिता या भेदभाव को बढ़ावा दिया/अभ्यास किया और न ही विद्यार्थियों को रूढ़िवादिता या भेदभाव के बारे में जागरूक किया) | BV24: i.अवलोकन के दौरान रूढ़िवादिता या भेदभाव की कोई घटना नहीं देखी गई। | BW24: ii.नहीं | CF24: i.TLM का उपयोग किया ii.विषय से संबंधित गतिविधियाँ iii.समझ की जाँच (CFU) प्रश्न iv.गृहकार्य देना | CG24: 1 | CH24: 1 | CI24: 1 | CJ24: 1 | CK24: 0 | CL24: 1. नियमित रूप से बिना देरी के तुरंत जाँची जाती है। | CM24: 2.कुछ त्रुटियों की पहचान की जाती है, लेकिन सुधार के सुझाव नहीं दिये जाते हैं। | CN24: 2.“अच्छा” या “ठीक है” जैसी सामान्य टिप्पणियाँ लिखी गईं। | CO24: 1.नोटबुक को साफ़ सुथरा रखने और प्रस्तुतिकरण पर कोई टिप्पणी या फीडबैक नहीं। | CP24: iii.50% से अधिक विद्यार्थी विषय-विशिष्ट नोटबुक में काम करते हैं। | CQ24: 14 | CR24: ii.नहीं | CV24: i.सभी तीन विद्यार्थी धाराप्रवाह के साथ पढ़ पा रहें हैं। | CW24: i.सभी तीन विद्यार्थी पढ़े हुए पैराग्राफ का कम से कम 70% समझ पा रहें हैं। | CX24: ii.किन्ही दो विद्यार्थियों ने बिना किसी त्रुटि के लिखा है। | GC24: 1 - हुक से कक्षा का प्रारंभ किया गया । 2 - TLM का उपयोग किया गया , 3 - बच्चो को दैनिक जीवन के उदाहरण से जोड़कर पढाया गया जो कि बच्चो की समझ विकसित करने में सहायक रहा। | GD24: TPS के माध्यम से सामाजिक विज्ञान में चर्चा करवाए जा सकते हैं। लिखित पाठ योजना से उन्हे विषय वस्तु के बेहतर क्रियान्वयन में सहायता मिल सकती है। | GE24: Na | GF24: Na | GM24: 696201616 | GN24: 4d853074-0ba4-4a36-8e02-dd9d72fc2cd8 | GO24: 45896.261 | GR24: submitted_via_web | GT24: vVLoBVrPnDmiCZ8fxF6Nin | GV24: uuid:4d853074-0ba4-4a36-8e02-dd9d72fc2cd8 | GW24: 23
A25: 45896.503 | B25: 45896.506 | C25: 23.206718 75.790044 447.70001220703125 100 | D25: 23.206718 | E25: 75.790044 | F25: 447.70001 | G25: 100 | H25: 45896 | I25: Rahul Kumar | L25: No | M25: Ujjain | N25: Tarana | O25: 23210508302 | S25: गणित | U25: पुरुष | V25: Mahesh parmar | W25: BS6542 | X25: हाँ | Y25: कक्षा 6 | Z25: 1 | AA25: 0 | AB25: 0 | AC25: 15 | AD25: 15 | AE25: 15 | AF25: Teaching | AG25: गणित | AH25: 0 | AI25: 0 | AJ25: 0 | AK25: 0 | AL25: 0 | AM25: 1 | AN25: 0 | AO25: 0 | AP25: 0 | AR25: गणित | AS25: 8 | AT25: 6 | AU25: iv.शिक्षक कक्षा के प्रारंभ में विद्यार्थियों का स्वागत करते हैं, उनका हाल चाल लेते हुए विषय पर हुक/चर्चा के माध्यम से उनका विषय वस्तु के साथ जुड़ाव बनाकर सकारात्मक शुरुआत करते हैं। | AV25: i. व्याख्यान करते हैं। iii. टीएलएम का उपयोग करते हैं (पाठ्यपुस्तक और ब्लैक/वाइट बोर्ड के अलावा) | AW25: 1 | AX25: 0 | AY25: 1 | AZ25: 0 | BA25: 0 | BC25: iii.40% या उससे अधिक (अपेक्षा अनुरूप) विद्यार्थियों की सहभागिता है। | BD25: i.हुक का प्रयोग | BE25: 1 | BF25: 0 | BG25: 0 | BH25: 0 | BI25: 0 | BJ25: 0 | BK25: iii.शिक्षक बंद और खुले-छोर (close & open-ended questions) वाले प्रश्नों को मिश्रित रूप से पूछते हैं | BL25: iii.समय दिया गया और अधिकांशतः सोचने के लिए पर्याप्त था। | BM25: iii.शिक्षक अधिकांशत: प्रश्नों पर प्रतिक्रिया हेतु रेन्डम/बिना किसी क्रम के प्रश्न पूछने की तकनीक का उपयोग करते हैं (जैसे कोल्ड कॉलिंग)। | BN25: ii.हाँ, अधिकांशतः कुछ बुनियादी समझ की जाँच की तकनीक (हाथ उठाना, अंगूठा दिखाना, आदि) का प्रयोग किया गया | BO25: iv.शिक्षक स्वतंत्र कार्य के लिए विद्यार्थियों को समय देते हैं और विद्यार्थियों के कार्य की जाँच करने और उनकी सहायता करने के लिए कक्षा में भ्रमण भी करते हैं। | BP25: iv.शिक्षक समूह में सीखने के अवसर प्रदान करते हैं और विद्यार्थियों के कार्य की जाँच करने और उनकी सहायता के लिए कक्षा में भ्रमण करते हैं। | BQ25: ii.नहीं | BS25: i.हाँ | BT25: iv.कक्षा के नियम या दिनचर्या/रूटीन निर्धारित हैं और आवश्यकता अनुसार लगातार सुदृढ़ किए जाते हैं एवं प्रभावी भी हैं। | BU25: iii.नहीं देखा गया (शिक्षक ने न तो रूढ़िवादिता या भेदभाव को बढ़ावा दिया/अभ्यास किया और न ही विद्यार्थियों को रूढ़िवादिता या भेदभाव के बारे में जागरूक किया) | BV25: i.अवलोकन के दौरान रूढ़िवादिता या भेदभाव की कोई घटना नहीं देखी गई। | BW25: ii.नहीं | CF25: i.TLM का उपयोग किया ii.विषय से संबंधित गतिविधियाँ iii.समझ की जाँच (CFU) प्रश्न iv.गृहकार्य देना | CG25: 1 | CH25: 1 | CI25: 1 | CJ25: 1 | CK25: 0 | CL25: 1. नियमित रूप से बिना देरी के तुरंत जाँची जाती है। | CM25: 3.अधिकांश त्रुटियों की पहचान की जाती है और उन्हें सुधारा जाता है। | CN25: 3.विशिष्ट और करने योग्य फीडबैक दिए गए और लिखे गए। | CO25: 1.नोटबुक को साफ़ सुथरा रखने और प्रस्तुतिकरण पर कोई टिप्पणी या फीडबैक नहीं। | CP25: iii.50% से अधिक विद्यार्थी विषय-विशिष्ट नोटबुक में काम करते हैं। | CQ25: 6 | CR25: ii.नहीं | CV25: i.सभी तीन विद्यार्थी धाराप्रवाह के साथ पढ़ पा रहें हैं। | CW25: i.सभी तीन विद्यार्थी पढ़े हुए पैराग्राफ का कम से कम 70% समझ पा रहें हैं। | CX25: ii.किन्ही दो विद्यार्थियों ने बिना किसी त्रुटि के लिखा है। | GC25: 1 - प्रशिक्षणमें बताये गये सभी बिंदु को पढाने के दौरान समायोजित किया गया । 2 - TLM का उपयोग किया गया , 3 - स्वतंत्र कार्य एवं अभ्यास कार्य करने का अवसर दिया गया। | GD25: NA | GE25: Na | GF25: Na | GM25: 696208017 | GN25: 2a1ab4d3-18ce-44cd-898b-7f046a47f355 | GO25: 45896.277 | GR25: submitted_via_web | GT25: vVLoBVrPnDmiCZ8fxF6Nin | GV25: uuid:2a1ab4d3-18ce-44cd-898b-7f046a47f355 | GW25: 24
A26: 45896.491 | B26: 45896.507 | H26: 45896 | I26: Sonali Patidar | L26: No | M26: Khandwa | N26: Chhaigaonmakhan | O26: 23290308303 | S26: संस्कृत | U26: महिला | V26: Sonu Patel | W26: AO2403 | X26: नहीं | Y26: कक्षा 7 | Z26: 0 | AA26: 1 | AB26: 0 | AC26: 180 | AD26: 24 | AE26: 24 | AF26: Teaching | AG26: हिन्दी सामाजिक विज्ञान | AH26: 1 | AI26: 0 | AJ26: 0 | AK26: 0 | AL26: 0 | AM26: 0 | AN26: 0 | AO26: 1 | AP26: 0 | AR26: संस्कृत | AS26: 40 | AT26: 36 | AU26: i.शिक्षक कक्षा की शुरुआत, बिना किसी भूमिका के सीधे पढ़ाने से शुरू कर देते हैं। | AV26: ii. विद्यार्थियों से पाठ के कुछ हिस्सों को पढ़ने के लिए कहते हैं। | AW26: 0 | AX26: 1 | AY26: 0 | AZ26: 0 | BA26: 0 | BC26: i.10 % से कम विद्यार्थियों की सहभागिता है और अधिकांशतः शिक्षक ही बोल रहे हैं। | BD26: vi.इनमें से कोई नहीं देखा गया | BE26: 0 | BF26: 0 | BG26: 0 | BH26: 0 | BI26: 0 | BJ26: 1 | BK26: i.शिक्षक ने प्रश्न नही पूछे | BN26: i. अधिकांशतः हाँ/ना में सामूहिक उत्तर लेना | BO26: i.शिक्षक स्वतंत्र कार्य के लिए विद्यार्थियों को समय नहीं देते हैं। | BP26: i.शिक्षक विद्यार्थियों को समूह कार्य के अवसर प्रदान नहीं करते हैं। | BQ26: ii.नहीं | BS26: i.हाँ | BT26: ii.कक्षा के नियम या दिनचर्या/ रूटीन निर्धारित हैं, लेकिन नियमित रूप से सुदृढ़ नहीं किए जाते हैं (आवश्यकता होने पर भी)। | BU26: iii.नहीं देखा गया (शिक्षक ने न तो रूढ़िवादिता या भेदभाव को बढ़ावा दिया/अभ्यास किया और न ही विद्यार्थियों को रूढ़िवादिता या भेदभाव के बारे में जागरूक किया) | BV26: i.अवलोकन के दौरान रूढ़िवादिता या भेदभाव की कोई घटना नहीं देखी गई। | BW26: ii.नहीं | CF26: iv.गृहकार्य देना | CG26: 0 | CH26: 0 | CI26: 0 | CJ26: 1 | CK26: 0 | CL26: 2. अनियमितता के साथ कभी कभी जाँची जाती है। | CM26: 2.कुछ त्रुटियों की पहचान की जाती है, लेकिन सुधार के सुझाव नहीं दिये जाते हैं। | CN26: 2.“अच्छा” या “ठीक है” जैसी सामान्य टिप्पणियाँ लिखी गईं। | CO26: 1.नोटबुक को साफ़ सुथरा रखने और प्रस्तुतिकरण पर कोई टिप्पणी या फीडबैक नहीं। | CP26: ii.50% से कम विद्यार्थी विषय-विशिष्ट नोटबुक में काम करते हैं। | CQ26: 36 | CR26: ii.नहीं | CV26: ii.कोई दो विद्यार्थी धाराप्रवाह के साथ पढ़ पा रहें हैं। | CW26: ii.कोई दो विद्यार्थीपढ़े हुए पैराग्राफ का कम से कम 70% समझ पा रहें हैं। | CX26: iii.किसी एक विद्यार्थी ने बिना किसी त्रुटि के लिखा है। | GC26: 1. सकारात्मक भाषा का उपयोग किया 2. कोल्ड कालिंग तकनीक का उपयोग किया गया 3. कक्षा में सिटिंग अरेंजमेंट बढ़िया था | GD26: 1. व्याख्यान पद्धति के बजाय बच्चों को पढ़ने का मौका दे 2. बच्चों से बार बार प्रश्न पूछे और उनसे अपेक्षित जवाब ले 3. पढ़ाने के दौरान TLM या गतिविधियों का उपयोग करें जिससे विद्यार्थी भी इन्वोल्व हो सके और वे भी अपनी बात रख सके और प्रश्न पूछ सके | GE26: बच्चों की सक्रियता बढ़ाने के लिए कुछ तकनीके सुझाए | GM26: 696208187 | GN26: 1e379499-091d-4c65-bb2e-5af67418eab9 | GO26: 45896.278 | GR26: submitted_via_web | GT26: vVLoBVrPnDmiCZ8fxF6Nin | GV26: uuid:1e379499-091d-4c65-bb2e-5af67418eab9 | GW26: 25
A27: 45896.507 | B27: 45896.532 | H27: 45896 | I27: Sonali Patidar | L27: No | M27: Khandwa | N27: Chhaigaonmakhan | O27: 23290308303 | S27: गणित | U27: पुरुष | V27: Swadesh Laad | W27: AO1479 | X27: हाँ | Y27: कक्षा 8 | Z27: 0 | AA27: 0 | AB27: 1 | AC27: 324 | AD27: 180 | AE27: 180 | AF27: Teaching | AG27: हिन्दी इंग्लिश संस्कृत गणित विज्ञान सामाजिक विज्ञान | AH27: 1 | AI27: 1 | AJ27: 0 | AK27: 0 | AL27: 1 | AM27: 1 | AN27: 1 | AO27: 1 | AP27: 0 | AR27: गणित | AS27: 42 | AT27: 25 | AU27: i.शिक्षक कक्षा की शुरुआत, बिना किसी भूमिका के सीधे पढ़ाने से शुरू कर देते हैं। | AV27: ii. विद्यार्थियों से पाठ के कुछ हिस्सों को पढ़ने के लिए कहते हैं। iii. टीएलएम का उपयोग करते हैं (पाठ्यपुस्तक और ब्लैक/वाइट बोर्ड के अलावा) | AW27: 0 | AX27: 1 | AY27: 1 | AZ27: 0 | BA27: 0 | BC27: iii.40% या उससे अधिक (अपेक्षा अनुरूप) विद्यार्थियों की सहभागिता है। | BD27: ii.थिंक पेयर शेयर v.विद्यार्थी के कार्यों (अकादमिक/गैर अकादमिक) पर रचनात्मक फीडबैक (Constructive Feedback) | BE27: 0 | BF27: 1 | BG27: 0 | BH27: 0 | BI27: 1 | BJ27: 0 | BK27: iii.शिक्षक बंद और खुले-छोर (close & open-ended questions) वाले प्रश्नों को मिश्रित रूप से पूछते हैं | BL27: iii.समय दिया गया और अधिकांशतः सोचने के लिए पर्याप्त था। | BM27: iii.शिक्षक अधिकांशत: प्रश्नों पर प्रतिक्रिया हेतु रेन्डम/बिना किसी क्रम के प्रश्न पूछने की तकनीक का उपयोग करते हैं (जैसे कोल्ड कॉलिंग)। | BN27: iii.हाँ, अधिकांशतः विद्यार्थियों का त्वरित आकलन (मौखिक या लिखित - जैसे सभी से कुछ सवाल या एक्ज़िट टिकिट) करते हुए उनके अलग अलग जवाब लिए गए| | BO27: iv.शिक्षक स्वतंत्र कार्य के लिए विद्यार्थियों को समय देते हैं और विद्यार्थियों के कार्य की जाँच करने और उनकी सहायता करने के लिए कक्षा में भ्रमण भी करते हैं। | BP27: i.शिक्षक विद्यार्थियों को समूह कार्य के अवसर प्रदान नहीं करते हैं। | BQ27: ii.नहीं | BS27: i.हाँ | BT27: iii.कक्षा के नियम या दिनचर्या/ रूटीन निर्धारित हैं, नियमित रूप से सुदृढ़ किए जाते हैं लेकिन प्रभावी नहीं है। | BU27: iii.नहीं देखा गया (शिक्षक ने न तो रूढ़िवादिता या भेदभाव को बढ़ावा दिया/अभ्यास किया और न ही विद्यार्थियों को रूढ़िवादिता या भेदभाव के बारे में जागरूक किया) | BV27: i.अवलोकन के दौरान रूढ़िवादिता या भेदभाव की कोई घटना नहीं देखी गई। | BW27: ii.नहीं | CF27: i.TLM का उपयोग किया iii.समझ की जाँच (CFU) प्रश्न iv.गृहकार्य देना | CG27: 1 | CH27: 0 | CI27: 1 | CJ27: 1 | CK27: 0 | CL27: 1. नियमित रूप से बिना देरी के तुरंत जाँची जाती है। | CM27: 3.अधिकांश त्रुटियों की पहचान की जाती है और उन्हें सुधारा जाता है। | CN27: 2.“अच्छा” या “ठीक है” जैसी सामान्य टिप्पणियाँ लिखी गईं। | CO27: 1.नोटबुक को साफ़ सुथरा रखने और प्रस्तुतिकरण पर कोई टिप्पणी या फीडबैक नहीं। | CP27: iii.50% से अधिक विद्यार्थी विषय-विशिष्ट नोटबुक में काम करते हैं। | CQ27: 25 | CR27: i.हाँ | CS27: i.अधिकतर नए | CT27: iii.अधिकतर स्टोर से खरीदे गए | CU27: i.कक्षा में मौजूद चार्ट/पोस्टर प्रासंगिक विषयों पर हैं जिन्हें वर्तमान में कक्षा में शामिल/पढ़ाया जा रहा है। | CV27: ii.कोई दो विद्यार्थी धाराप्रवाह के साथ पढ़ पा रहें हैं। | CW27: ii.कोई दो विद्यार्थीपढ़े हुए पैराग्राफ का कम से कम 70% समझ पा रहें हैं। | CX27: iii.किसी एक विद्यार्थी ने बिना किसी त्रुटि के लिखा है। | GC27: 1. पढ़ाने के दौरान सकारात्मक भाषा का उपयोग किया 2. विषयवस्तु से सम्बंधित लोजिकल थिंकिंग वाले प्रश्न पूछे 3.गणित में पढ़ाने के दौरान ELPS तकनीक का उपयोग किया गया | GD27: 1. पढ़ाने की शुरुआत हुक तकनीक के माध्यम से करते तो बच्चे विषयवस्तु से जल्दी जुड़ पाते 2. बच्चों को होमवोर्क देना था 3. दीवारों पर लगे विषयवस्तु से सम्बंधित TLM का उपयोग पढ़ाने के दौरान किया जाए | GE27: नहीं | GM27: 696221554 | GN27: f0e774e1-4424-4655-9f2c-d7b9a547bffa | GO27: 45896.303 | GR27: submitted_via_web | GT27: vVLoBVrPnDmiCZ8fxF6Nin | GV27: uuid:f0e774e1-4424-4655-9f2c-d7b9a547bffa | GW27: 26
A28: 45896.518 | B28: 45896.538 | H28: 45896 | I28: Dharmendra Mishra | L28: No | M28: Sagar | N28: Sagar | O28: 23111011307 | S28: विज्ञान | U28: महिला | V28: Krishna Sahu | W28: AY6305 | X28: हाँ | Y28: कक्षा 7 | Z28: 0 | AA28: 1 | AB28: 0 | AC28: 216 | AD28: 214 | AE28: 214 | AF28: Teaching | AG28: विज्ञान | AH28: 0 | AI28: 0 | AJ28: 0 | AK28: 0 | AL28: 0 | AM28: 0 | AN28: 1 | AO28: 0 | AP28: 0 | AR28: गणित | AS28: 12 | AT28: 9 | AU28: i.शिक्षक कक्षा की शुरुआत, बिना किसी भूमिका के सीधे पढ़ाने से शुरू कर देते हैं। | AV28: i. व्याख्यान करते हैं। ii. विद्यार्थियों से पाठ के कुछ हिस्सों को पढ़ने के लिए कहते हैं। iv. गतिविधि या खेल | AW28: 1 | AX28: 1 | AY28: 0 | AZ28: 1 | BA28: 0 | BC28: iii.40% या उससे अधिक (अपेक्षा अनुरूप) विद्यार्थियों की सहभागिता है। | BD28: iii.समूह चर्चा | BE28: 0 | BF28: 0 | BG28: 1 | BH28: 0 | BI28: 0 | BJ28: 0 | BK28: i.शिक्षक ने प्रश्न नही पूछे | BN28: iii.हाँ, अधिकांशतः विद्यार्थियों का त्वरित आकलन (मौखिक या लिखित - जैसे सभी से कुछ सवाल या एक्ज़िट टिकिट) करते हुए उनके अलग अलग जवाब लिए गए| | BO28: iv.शिक्षक स्वतंत्र कार्य के लिए विद्यार्थियों को समय देते हैं और विद्यार्थियों के कार्य की जाँच करने और उनकी सहायता करने के लिए कक्षा में भ्रमण भी करते हैं। | BP28: iv.शिक्षक समूह में सीखने के अवसर प्रदान करते हैं और विद्यार्थियों के कार्य की जाँच करने और उनकी सहायता के लिए कक्षा में भ्रमण करते हैं। | BQ28: ii.नहीं | BS28: i.हाँ | BT28: i.कक्षा के नियम या दिनचर्या/रूटीन निर्धारित नहीं हैं। | BU28: iii.नहीं देखा गया (शिक्षक ने न तो रूढ़िवादिता या भेदभाव को बढ़ावा दिया/अभ्यास किया और न ही विद्यार्थियों को रूढ़िवादिता या भेदभाव के बारे में जागरूक किया) | BV28: i.अवलोकन के दौरान रूढ़िवादिता या भेदभाव की कोई घटना नहीं देखी गई। | BW28: ii.नहीं | CF28: iii.समझ की जाँच (CFU) प्रश्न iv.गृहकार्य देना | CG28: 0 | CH28: 0 | CI28: 1 | CJ28: 1 | CK28: 0 | CL28: 2. अनियमितता के साथ कभी कभी जाँची जाती है। | CM28: 2.कुछ त्रुटियों की पहचान की जाती है, लेकिन सुधार के सुझाव नहीं दिये जाते हैं। | CN28: 1.कोई फीडबैक नहीं दिया गया। | CO28: 1.नोटबुक को साफ़ सुथरा रखने और प्रस्तुतिकरण पर कोई टिप्पणी या फीडबैक नहीं। | CP28: i.अवलोकन के दौरान विषय-विशिष्ट नोटबुक नहीं पायी गईं। | CQ28: 9 | CR28: i.हाँ | CS28: ii.अधिकतर पुराने (फटे या ऐसे जिनमें जानकारी स्पष्ट दिख नहीं रही) | CT28: i.अधिकतर विद्यार्थियों द्वारा बनाए गए | CU28: ii.कक्षा में मौजूद चार्ट/पोस्टर शैक्षणिक विषयों पर हैं, लेकिन कक्षा में शामिल/पढ़ाए नहीं जा रहे हैं। | CV28: i.सभी तीन विद्यार्थी धाराप्रवाह के साथ पढ़ पा रहें हैं। | CW28: i.सभी तीन विद्यार्थी पढ़े हुए पैराग्राफ का कम से कम 70% समझ पा रहें हैं। | CX28: i.सभी तीन विद्यार्थियों ने बिना किसी त्रुटि के लिखा है। | GC28: 1. व्यवस्थित तरीके से पढ़ाने के लिए पाठ योजना का उपयोग करने पर विचार करें और पाठ के दौरान सभी प्रमुख शिक्षण बिंदु और गतिविधियाँ प्रभावी रूप से शामिल करना सुनिश्चित करें। 2. एक व्यवस्थित और सीखने के लिए अनुकूल कक्षा वातावरण के लिए कक्षा के नियम और दिनचर्या/रूटीन तय करना बहुत महत्वपूर्ण हैं। व्यवस्थित कक्षा एवं बेहतर परिणामों के लिए शुरू से ही विद्यार्थियों के साथ अपेक्षाएँ तय करने और उन्हें लगातार लागू करने पर विचार करें। 3. कक्षा की शुरुआत में विद्यार्थियों के साथ विषय से जुड़ी सामान्य बातचीत करना, स्वागत करना एवं सभी विद्यार्थियों के साथ जुड़ाव बनाना, उनको सीखने के लिए तैयार करने के लिए जरूरी हैं | GD28: 1. अलग-अलग शिक्षण आवश्यकताओं को पूरा करने के लिए विविध शिक्षण विधियों/तरीकों का उत्कृष्ट उपयोग किया जा रहा है; समग्र सीख और सहभागिता आधारित शिक्षण को इसी तरह जारी रखें। 2. कक्षा में विद्यार्थियों की सक्रिय भागीदारी और सहभागिता को बढ़ावा देने में आप बहुत बढ़िया काम कर रहे हैं; इसी तरह सीखने के परस्पर संवादात्मक (इंटरैक्टिव) वातावरण को बढ़ावा देते रहें। 3. आपका आकलन के माध्यम से सक्रिय रूप से समझ की जाँच करने का तरीका उत्कृष्ट हैं; समग्र शिक्षण सुनिश्चित करने के लिए इसी तरह जांच के तरीकों का उपयोग करते रहें | GE28: विषय आधारित सहयोग जैसे पाठ योजना निर्माण, डेमो इत्यादि निरंतर मिलते रहे तो बेहतर रहेगा। | GM28: 696224208 | GN28: 6817acd5-8d7b-45d7-81a8-594ac5acc83f | GO28: 45896.309 | GR28: submitted_via_web | GT28: vVLoBVrPnDmiCZ8fxF6Nin | GV28: uuid:6817acd5-8d7b-45d7-81a8-594ac5acc83f | GW28: 27
A29: 45896.541 | B29: 45896.546 | C29: 23.206485 75.789941 447.70001220703125 83.82219696044922 | D29: 23.206485 | E29: 75.789941 | F29: 447.70001 | G29: 83.822197 | H29: 45896 | I29: Rahul Kumar | L29: No | M29: Ujjain | N29: Ujjain Urban | O29: 23210700607 | S29: गणित | U29: पुरुष | V29: Jitendra meena | W29: BU5122 | X29: हाँ | Y29: कक्षा 6 | Z29: 1 | AA29: 0 | AB29: 0 | AC29: 16 | AD29: 10 | AE29: 10 | AF29: Teaching | AG29: गणित | AH29: 0 | AI29: 0 | AJ29: 0 | AK29: 0 | AL29: 0 | AM29: 1 | AN29: 0 | AO29: 0 | AP29: 0 | AR29: गणित | AS29: 38 | AT29: 18 | AU29: iii.शिक्षक कक्षा की शरुआत रोचक तरीके से हुक तकनीक के उपयोग से करते है (हुक: एक तकनीक जो विद्यार्थियों को आकर्षित करने के लिए पाठ का परिचय कहानी, वस्तुओं, तथ्य और प्रश्नों के माध्यम से किया जाता है। यह 30 सेकण्ड से 3 मिनट का एक छोटा भाग होता है।) | AV29: i. व्याख्यान करते हैं। iii. टीएलएम का उपयोग करते हैं (पाठ्यपुस्तक और ब्लैक/वाइट बोर्ड के अलावा) | AW29: 1 | AX29: 0 | AY29: 1 | AZ29: 0 | BA29: 0 | BC29: ii.10% - 40% विद्यार्थियों की सहभागिता है और शिक्षक ही अधिकांशतः बोल रहे हैं। | BD29: i.हुक का प्रयोग | BE29: 1 | BF29: 0 | BG29: 0 | BH29: 0 | BI29: 0 | BJ29: 0 | BK29: ii.शिक्षक केवल बंद-छोर वाले प्रश्न (close ended) पूछते हैं | BL29: ii.समय दिया गया, लेकिन दिया गया समय अपर्याप्त था। | BM29: ii.शिक्षक अधिकांशत: प्रश्नों पर उन विद्यार्थियों से प्रतिक्रियाएँ लेते हैं जो हाथ उठाते हैं/ कुछ विद्यार्थियों से ही उत्तर लेते हैं । | BN29: i. अधिकांशतः हाँ/ना में सामूहिक उत्तर लेना | BO29: iii.शिक्षक स्वतंत्र कार्य के लिए विद्यार्थियों को समय देते हैं और भ्रमण भी करते हैं लेकिन विद्यार्थियों के कार्य की जाँच और उनकी सहायता नहीं करते। | BP29: i.शिक्षक विद्यार्थियों को समूह कार्य के अवसर प्रदान नहीं करते हैं। | BQ29: ii.नहीं | BS29: i.हाँ | BT29: iii.कक्षा के नियम या दिनचर्या/ रूटीन निर्धारित हैं, नियमित रूप से सुदृढ़ किए जाते हैं लेकिन प्रभावी नहीं है। | BU29: iii.नहीं देखा गया (शिक्षक ने न तो रूढ़िवादिता या भेदभाव को बढ़ावा दिया/अभ्यास किया और न ही विद्यार्थियों को रूढ़िवादिता या भेदभाव के बारे में जागरूक किया) | BV29: i.अवलोकन के दौरान रूढ़िवादिता या भेदभाव की कोई घटना नहीं देखी गई। | BW29: ii.नहीं | CF29: i.TLM का उपयोग किया ii.विषय से संबंधित गतिविधियाँ iii.समझ की जाँच (CFU) प्रश्न iv.गृहकार्य देना | CG29: 1 | CH29: 1 | CI29: 1 | CJ29: 1 | CK29: 0 | CL29: 2. अनियमितता के साथ कभी कभी जाँची जाती है। | CM29: 2.कुछ त्रुटियों की पहचान की जाती है, लेकिन सुधार के सुझाव नहीं दिये जाते हैं। | CN29: 2.“अच्छा” या “ठीक है” जैसी सामान्य टिप्पणियाँ लिखी गईं। | CO29: 2.नोटबुक को साफ सुथरा रखने और प्रस्तुतिकरण पर अनियमित टिप्पणी या फीडबैक। | CP29: iii.50% से अधिक विद्यार्थी विषय-विशिष्ट नोटबुक में काम करते हैं। | CQ29: 18 | CR29: ii.नहीं | CV29: i.सभी तीन विद्यार्थी धाराप्रवाह के साथ पढ़ पा रहें हैं। | CW29: i.सभी तीन विद्यार्थी पढ़े हुए पैराग्राफ का कम से कम 70% समझ पा रहें हैं। | CX29: ii.किन्ही दो विद्यार्थियों ने बिना किसी त्रुटि के लिखा है। | GC29: Cold calling का उपयोग किया गया । स्वतंत्र कार्य करने का अवसर प्रदान किया गया । TLM के प्रयोग से बच्चे को समझने में आसानी हुई | GD29: सामूहिक रूप से CFU के स्थान पर CFU के अन्य तरीके अपनाये जा सकते हैं। विद्यार्थी की सहभागिता और बढाई जा सकती है । | GE29: NA | GF29: Na | GM29: 696228132 | GN29: 13b962c8-c52a-4888-82e1-ca6a5ec35956 | GO29: 45896.317 | GR29: submitted_via_web | GT29: vVLoBVrPnDmiCZ8fxF6Nin | GV29: uuid:13b962c8-c52a-4888-82e1-ca6a5ec35956 | GW29: 28
A30: 45896.532 | B30: 45896.547 | H30: 45896 | I30: Sonali Patidar | L30: No | M30: Khandwa | N30: Pandhana | O30: 23290810703 | S30: विज्ञान | U30: महिला | V30: Anju Jaiswal | W30: BZ3105 | X30: हाँ | Y30: कक्षा 6 | Z30: 1 | AA30: 0 | AB30: 0 | AC30: 216 | AD30: 24 | AE30: 24 | AF30: Teaching | AG30: हिन्दी इंग्लिश संस्कृत गणित विज्ञान सामाजिक विज्ञान | AH30: 1 | AI30: 1 | AJ30: 0 | AK30: 0 | AL30: 1 | AM30: 1 | AN30: 1 | AO30: 1 | AP30: 0 | AR30: विज्ञान | AS30: 44 | AT30: 42 | AU30: iii.शिक्षक कक्षा की शरुआत रोचक तरीके से हुक तकनीक के उपयोग से करते है (हुक: एक तकनीक जो विद्यार्थियों को आकर्षित करने के लिए पाठ का परिचय कहानी, वस्तुओं, तथ्य और प्रश्नों के माध्यम से किया जाता है। यह 30 सेकण्ड से 3 मिनट का एक छोटा भाग होता है।) | AV30: ii. विद्यार्थियों से पाठ के कुछ हिस्सों को पढ़ने के लिए कहते हैं। iii. टीएलएम का उपयोग करते हैं (पाठ्यपुस्तक और ब्लैक/वाइट बोर्ड के अलावा) iv. गतिविधि या खेल | AW30: 0 | AX30: 1 | AY30: 1 | AZ30: 1 | BA30: 0 | BC30: iii.40% या उससे अधिक (अपेक्षा अनुरूप) विद्यार्थियों की सहभागिता है। | BD30: i.हुक का प्रयोग v.विद्यार्थी के कार्यों (अकादमिक/गैर अकादमिक) पर रचनात्मक फीडबैक (Constructive Feedback) | BE30: 1 | BF30: 0 | BG30: 0 | BH30: 0 | BI30: 1 | BJ30: 0 | BK30: iii.शिक्षक बंद और खुले-छोर (close & open-ended questions) वाले प्रश्नों को मिश्रित रूप से पूछते हैं | BL30: iii.समय दिया गया और अधिकांशतः सोचने के लिए पर्याप्त था। | BM30: iii.शिक्षक अधिकांशत: प्रश्नों पर प्रतिक्रिया हेतु रेन्डम/बिना किसी क्रम के प्रश्न पूछने की तकनीक का उपयोग करते हैं (जैसे कोल्ड कॉलिंग)। | BN30: iii.हाँ, अधिकांशतः विद्यार्थियों का त्वरित आकलन (मौखिक या लिखित - जैसे सभी से कुछ सवाल या एक्ज़िट टिकिट) करते हुए उनके अलग अलग जवाब लिए गए| | BO30: i.शिक्षक स्वतंत्र कार्य के लिए विद्यार्थियों को समय नहीं देते हैं। | BP30: i.शिक्षक विद्यार्थियों को समूह कार्य के अवसर प्रदान नहीं करते हैं। | BQ30: ii.नहीं | BS30: i.हाँ | BT30: iv.कक्षा के नियम या दिनचर्या/रूटीन निर्धारित हैं और आवश्यकता अनुसार लगातार सुदृढ़ किए जाते हैं एवं प्रभावी भी हैं। | BU30: iii.नहीं देखा गया (शिक्षक ने न तो रूढ़िवादिता या भेदभाव को बढ़ावा दिया/अभ्यास किया और न ही विद्यार्थियों को रूढ़िवादिता या भेदभाव के बारे में जागरूक किया) | BV30: i.अवलोकन के दौरान रूढ़िवादिता या भेदभाव की कोई घटना नहीं देखी गई। | BW30: i.हाँ | BX30: i.सीखने के प्रतिफल/लर्निंग आउट्कम ii.आवश्यक सामग्री (जैसे: टीएलएम) iii.गतिविधियों का विवरण (जैसे: प्रयोग, खेल, चर्चा, समूह कार्य आदि) iv.समझ की जांच (CFU) हेतु प्रश्न v.गृहकार्य | BY30: 1 | BZ30: 1 | CA30: 1 | CB30: 1 | CC30: 1 | CD30: 0 | CE30: i.हाँ, पूरी तरह से | CF30: i.TLM का उपयोग किया ii.विषय से संबंधित गतिविधियाँ iii.समझ की जाँच (CFU) प्रश्न iv.गृहकार्य देना | CG30: 1 | CH30: 1 | CI30: 1 | CJ30: 1 | CK30: 0 | CL30: 1. नियमित रूप से बिना देरी के तुरंत जाँची जाती है। | CM30: 3.अधिकांश त्रुटियों की पहचान की जाती है और उन्हें सुधारा जाता है। | CN30: 2.“अच्छा” या “ठीक है” जैसी सामान्य टिप्पणियाँ लिखी गईं। | CO30: 1.नोटबुक को साफ़ सुथरा रखने और प्रस्तुतिकरण पर कोई टिप्पणी या फीडबैक नहीं। | CP30: iii.50% से अधिक विद्यार्थी विषय-विशिष्ट नोटबुक में काम करते हैं। | CQ30: 42 | CR30: i.हाँ | CS30: i.अधिकतर नए | CT30: iii.अधिकतर स्टोर से खरीदे गए | CU30: ii.कक्षा में मौजूद चार्ट/पोस्टर शैक्षणिक विषयों पर हैं, लेकिन कक्षा में शामिल/पढ़ाए नहीं जा रहे हैं। | CV30: i.सभी तीन विद्यार्थी धाराप्रवाह के साथ पढ़ पा रहें हैं। | CW30: i.सभी तीन विद्यार्थी पढ़े हुए पैराग्राफ का कम से कम 70% समझ पा रहें हैं। | CX30: ii.किन्ही दो विद्यार्थियों ने बिना किसी त्रुटि के लिखा है। | GC30: 1. पौधों और पत्तियों का उपयोग करके हुक तकनीक के माध्यम से कक्षा की रोचक शुरुआत की गई और बच्चों को विषयवस्तु से जोड़ा गया 2. सकारात्मक भाषा का उपयोग किया गया 3. कक्षा में भ्रमण किया गया 4. लगभग 50% बच्चों को बोलने के अवसर दिए और बोर्ड वर्क करने का अवसर दिया 5. दैनिक जीवन में पौधों के आयुर्वेदिक गुणों पर भी चर्चा की गई | GD30: 1. विषयवस्तु से सम्बंधित दीवारों पर लगी प्रिंट रिच सामग्री का उपयोग करें 2. विद्यार्थियों को स्वतंत्र कार्य या समूह कार्य के अवसर भी दिए जाए 3. रचनात्मक फीडबैक दिया जाए | GE30: नहीं | GM30: 696228588 | GN30: 760b8f09-6ffc-419f-aa2c-b2a8facbb045 | GO30: 45896.318 | GR30: submitted_via_web | GT30: vVLoBVrPnDmiCZ8fxF6Nin | GV30: uuid:760b8f09-6ffc-419f-aa2c-b2a8facbb045 | GW30: 29
A31: 45896.538 | B31: 45896.548 | H31: 45896 | I31: Dharmendra Mishra | L31: No | M31: Sagar | N31: Sagar | O31: 23111011307 | S31: सामाजिक विज्ञान | U31: महिला | V31: Hemwati Chadar | W31: AY1139 | X31: नहीं | Y31: कक्षा 6 | Z31: 1 | AA31: 0 | AB31: 0 | AC31: 264 | AD31: 24 | AE31: 24 | AF31: Teaching | AG31: सामाजिक विज्ञान | AH31: 0 | AI31: 0 | AJ31: 0 | AK31: 0 | AL31: 0 | AM31: 0 | AN31: 0 | AO31: 1 | AP31: 0 | AR31: संस्कृत | AS31: 11 | AT31: 7 | AU31: i.शिक्षक कक्षा की शुरुआत, बिना किसी भूमिका के सीधे पढ़ाने से शुरू कर देते हैं। | AV31: i. व्याख्यान करते हैं। ii. विद्यार्थियों से पाठ के कुछ हिस्सों को पढ़ने के लिए कहते हैं। | AW31: 1 | AX31: 1 | AY31: 0 | AZ31: 0 | BA31: 0 | BC31: ii.10% - 40% विद्यार्थियों की सहभागिता है और शिक्षक ही अधिकांशतः बोल रहे हैं। | BD31: vi.इनमें से कोई नहीं देखा गया | BE31: 0 | BF31: 0 | BG31: 0 | BH31: 0 | BI31: 0 | BJ31: 1 | BK31: ii.शिक्षक केवल बंद-छोर वाले प्रश्न (close ended) पूछते हैं | BL31: i.कोई समय नहीं दिया गया, मुख्यतः तत्काल प्रतिक्रिया मांगी गई। | BM31: ii.शिक्षक अधिकांशत: प्रश्नों पर उन विद्यार्थियों से प्रतिक्रियाएँ लेते हैं जो हाथ उठाते हैं/ कुछ विद्यार्थियों से ही उत्तर लेते हैं । | BN31: iii.हाँ, अधिकांशतः विद्यार्थियों का त्वरित आकलन (मौखिक या लिखित - जैसे सभी से कुछ सवाल या एक्ज़िट टिकिट) करते हुए उनके अलग अलग जवाब लिए गए| | BO31: i.शिक्षक स्वतंत्र कार्य के लिए विद्यार्थियों को समय नहीं देते हैं। | BP31: i.शिक्षक विद्यार्थियों को समूह कार्य के अवसर प्रदान नहीं करते हैं। | BQ31: ii.नहीं | BS31: i.हाँ | BT31: i.कक्षा के नियम या दिनचर्या/रूटीन निर्धारित नहीं हैं। | BU31: iii.नहीं देखा गया (शिक्षक ने न तो रूढ़िवादिता या भेदभाव को बढ़ावा दिया/अभ्यास किया और न ही विद्यार्थियों को रूढ़िवादिता या भेदभाव के बारे में जागरूक किया) | BV31: i.अवलोकन के दौरान रूढ़िवादिता या भेदभाव की कोई घटना नहीं देखी गई। | BW31: ii.नहीं | CF31: iii.समझ की जाँच (CFU) प्रश्न iv.गृहकार्य देना | CG31: 0 | CH31: 0 | CI31: 1 | CJ31: 1 | CK31: 0 | CL31: 2. अनियमितता के साथ कभी कभी जाँची जाती है। | CM31: 2.कुछ त्रुटियों की पहचान की जाती है, लेकिन सुधार के सुझाव नहीं दिये जाते हैं। | CN31: 1.कोई फीडबैक नहीं दिया गया। | CO31: 1.नोटबुक को साफ़ सुथरा रखने और प्रस्तुतिकरण पर कोई टिप्पणी या फीडबैक नहीं। | CP31: i.अवलोकन के दौरान विषय-विशिष्ट नोटबुक नहीं पायी गईं। | CQ31: 7 | CR31: i.हाँ | CS31: ii.अधिकतर पुराने (फटे या ऐसे जिनमें जानकारी स्पष्ट दिख नहीं रही) | CT31: i.अधिकतर विद्यार्थियों द्वारा बनाए गए | CU31: iii.चार्ट/पोस्टर कक्षा से संबंधित हैं (उदाहरण के लिए कक्षा के नियम/जन्मदिन/समय-सारणी) लेकिन पढ़ाए जा रहे विषयों से प्रासंगिक नहीं हैं।) | CV31: ii.कोई दो विद्यार्थी धाराप्रवाह के साथ पढ़ पा रहें हैं। | CW31: iii.कोई एक विद्यार्थी पढ़े हुए पैराग्राफ का कम से कम 70% समझ पा रहा है। | CX31: iii.किसी एक विद्यार्थी ने बिना किसी त्रुटि के लिखा है। | GC31: 1. अलग-अलग शिक्षण आवश्यकताओं को पूरा करने के लिए विविध शिक्षण विधियों/तरीकों का उत्कृष्ट उपयोग किया जा रहा है; समग्र सीख और सहभागिता आधारित शिक्षण को इसी तरह जारी रखें। 2. आपका आकलन के माध्यम से सक्रिय रूप से समझ की जाँच करने का तरीका उत्कृष्ट हैं; समग्र शिक्षण सुनिश्चित करने के लिए इसी तरह जांच के तरीकों का उपयोग करते रहें। 3. कक्षा का वातावरण सम्मानजनक और सहयोगी बनाने के लिए आप बहुत ही बढ़िया काम कर रहे हैं; इसी तरह विद्यार्थियों के विकास और सीखने के लिए सकारात्मक एवं सम्मानजनक वातावरण बनाए रखें | GD31: 1. व्यवस्थित तरीके से पढ़ाने के लिए पाठ योजना का उपयोग करने पर विचार करें और पाठ के दौरान सभी प्रमुख शिक्षण बिंदु और गतिविधियाँ प्रभावी रूप से शामिल करना सुनिश्चित करें। 2. एक व्यवस्थित और सीखने के लिए अनुकूल कक्षा वातावरण के लिए कक्षा के नियम और दिनचर्या/रूटीन तय करना बहुत महत्वपूर्ण हैं। व्यवस्थित कक्षा एवं बेहतर परिणामों के लिए शुरू से ही विद्यार्थियों के साथ अपेक्षाएँ तय करने और उन्हें लगातार लागू करने पर विचार करें। 3. यह देखकर अच्छा लगा कि कक्षा का माहौल रूढ़िवादिता या भेदभाव की घटनाओं से मुक्त था, जिससे सभी विद्यार्थियों के लिए समावेशी और सम्मानजनक माहौल बना | GE31: NA | GM31: 696229509 | GN31: b7531b34-63a5-4b33-9a0d-99b84f4449f6 | GO31: 45896.319 | GR31: submitted_via_web | GT31: vVLoBVrPnDmiCZ8fxF6Nin | GV31: uuid:b7531b34-63a5-4b33-9a0d-99b84f4449f6 | GW31: 30
A32: 45890.585 | B32: 45896.556 | H32: 45890 | I32: Aishwarya Yadav | L32: Yes | M32: Bhopal | N32: Phanda Urban New | O32: 23320303305 | P32: Nilesh Arya | Q32: Science | R32: हाँ | U32: पुरुष | Y32: कक्षा 8 | Z32: 0 | AA32: 0 | AB32: 1 | AC32: 204 | AD32: 204 | AE32: 204 | AF32: Teaching | AG32: विज्ञान अन्य | AH32: 0 | AI32: 0 | AJ32: 0 | AK32: 0 | AL32: 0 | AM32: 0 | AN32: 1 | AO32: 0 | AP32: 1 | AR32: विज्ञान | AS32: 54 | AT32: 35 | AU32: ii.शिक्षक कक्षा में कुछ विद्यार्थियों से हाल-चाल पूछते हैं एवं स्वागत करते हैं और फिर पढ़ाना शुरू करते हैं। | AV32: iii. टीएलएम का उपयोग करते हैं (पाठ्यपुस्तक और ब्लैक/वाइट बोर्ड के अलावा) v. अन्य | AW32: 0 | AX32: 0 | AY32: 1 | AZ32: 0 | BA32: 1 | BB32: Audio, visual medium was used in the class | BC32: iii.40% या उससे अधिक (अपेक्षा अनुरूप) विद्यार्थियों की सहभागिता है। | BD32: iv.ऑडियो/ विडियो का उपयोग करके शिक्षण v.विद्यार्थी के कार्यों (अकादमिक/गैर अकादमिक) पर रचनात्मक फीडबैक (Constructive Feedback) | BE32: 0 | BF32: 0 | BG32: 0 | BH32: 1 | BI32: 1 | BJ32: 0 | BK32: iii.शिक्षक बंद और खुले-छोर (close & open-ended questions) वाले प्रश्नों को मिश्रित रूप से पूछते हैं | BL32: ii.समय दिया गया, लेकिन दिया गया समय अपर्याप्त था। | BM32: iii.शिक्षक अधिकांशत: प्रश्नों पर प्रतिक्रिया हेतु रेन्डम/बिना किसी क्रम के प्रश्न पूछने की तकनीक का उपयोग करते हैं (जैसे कोल्ड कॉलिंग)। | BN32: iii.हाँ, अधिकांशतः विद्यार्थियों का त्वरित आकलन (मौखिक या लिखित - जैसे सभी से कुछ सवाल या एक्ज़िट टिकिट) करते हुए उनके अलग अलग जवाब लिए गए| | BO32: ii.शिक्षक स्वतंत्र कार्य के लिए विद्यार्थियों को समय देते हैं, लेकिन विद्यार्थियों के कार्य की जाँच करने और उनकी सहायता करने के लिए कक्षा में भ्रमण नहीं करते हैं। | BP32: ii.शिक्षक समूह में सीखने के अवसर प्रदान करते हैं, लेकिन विद्यार्थियों के कार्य की जाँच करने और उनकी सहायता हेतु कक्षा में भ्रमण नहीं करते हैं। | BQ32: ii.नहीं | BS32: i.हाँ | BT32: i.कक्षा के नियम या दिनचर्या/रूटीन निर्धारित नहीं हैं। | BU32: iii.नहीं देखा गया (शिक्षक ने न तो रूढ़िवादिता या भेदभाव को बढ़ावा दिया/अभ्यास किया और न ही विद्यार्थियों को रूढ़िवादिता या भेदभाव के बारे में जागरूक किया) | BV32: i.अवलोकन के दौरान रूढ़िवादिता या भेदभाव की कोई घटना नहीं देखी गई। | BW32: ii.नहीं | CF32: i.TLM का उपयोग किया ii.विषय से संबंधित गतिविधियाँ iii.समझ की जाँच (CFU) प्रश्न iv.गृहकार्य देना | CG32: 1 | CH32: 1 | CI32: 1 | CJ32: 1 | CK32: 0 | CL32: 2. अनियमितता के साथ कभी कभी जाँची जाती है। | CM32: 2.कुछ त्रुटियों की पहचान की जाती है, लेकिन सुधार के सुझाव नहीं दिये जाते हैं। | CN32: 1.कोई फीडबैक नहीं दिया गया। | CO32: 1.नोटबुक को साफ़ सुथरा रखने और प्रस्तुतिकरण पर कोई टिप्पणी या फीडबैक नहीं। | CP32: iii.50% से अधिक विद्यार्थी विषय-विशिष्ट नोटबुक में काम करते हैं। | CQ32: 30 | CR32: ii.नहीं | CV32: ii.कोई दो विद्यार्थी धाराप्रवाह के साथ पढ़ पा रहें हैं। | CW32: iii.कोई एक विद्यार्थी पढ़े हुए पैराग्राफ का कम से कम 70% समझ पा रहा है। | CX32: ii.किन्ही दो विद्यार्थियों ने बिना किसी त्रुटि के लिखा है। | GC32: 1. कोल्ड कॉलिंग का उपयोग, 2. TLM का उपयोग किया जा रहा है, 3. छात्रों द्वारा हैंड रेस किया जा रहा है। | GD32: 1. ग्रुप में चर्चा करवाया जा सकता है। प्रिंट रिच क्लासरूम बनाया जा सकता है | GE32: रिसोर्स दिया जाए स्कूल्स में। | GM32: 696233532 | GN32: 9171c8f6-0bd0-445b-9d06-36ae85c84f9a | GO32: 45896.327 | GR32: submitted_via_web | GT32: vVLoBVrPnDmiCZ8fxF6Nin | GV32: uuid:9171c8f6-0bd0-445b-9d06-36ae85c84f9a | GW32: 31
A33: 45896.548 | B33: 45896.563 | H33: 45896 | I33: Dharmendra Mishra | L33: No | M33: Sagar | N33: Rahatgarh | O33: 23110806902 | S33: गणित | U33: पुरुष | V33: Anup Kumar Srivastav | W33: BQ4294 | X33: हाँ | Y33: कक्षा 7 | Z33: 0 | AA33: 1 | AB33: 0 | AC33: 186 | AD33: 16 | AE33: 16 | AF33: Teaching | AG33: गणित | AH33: 0 | AI33: 0 | AJ33: 0 | AK33: 0 | AL33: 0 | AM33: 1 | AN33: 0 | AO33: 0 | AP33: 0 | AR33: विज्ञान | AS33: 13 | AT33: 8 | AU33: i.शिक्षक कक्षा की शुरुआत, बिना किसी भूमिका के सीधे पढ़ाने से शुरू कर देते हैं। | AV33: i. व्याख्यान करते हैं। ii. विद्यार्थियों से पाठ के कुछ हिस्सों को पढ़ने के लिए कहते हैं। | AW33: 1 | AX33: 1 | AY33: 0 | AZ33: 0 | BA33: 0 | BC33: ii.10% - 40% विद्यार्थियों की सहभागिता है और शिक्षक ही अधिकांशतः बोल रहे हैं। | BD33: vi.इनमें से कोई नहीं देखा गया | BE33: 0 | BF33: 0 | BG33: 0 | BH33: 0 | BI33: 0 | BJ33: 1 | BK33: ii.शिक्षक केवल बंद-छोर वाले प्रश्न (close ended) पूछते हैं | BL33: i.कोई समय नहीं दिया गया, मुख्यतः तत्काल प्रतिक्रिया मांगी गई। | BM33: i.शिक्षक अधिकांशत: प्रश्नों पर विद्यार्थियों से सामूहिक प्रतिक्रियाएँ लेते हैं। | BN33: iii.हाँ, अधिकांशतः विद्यार्थियों का त्वरित आकलन (मौखिक या लिखित - जैसे सभी से कुछ सवाल या एक्ज़िट टिकिट) करते हुए उनके अलग अलग जवाब लिए गए| | BO33: i.शिक्षक स्वतंत्र कार्य के लिए विद्यार्थियों को समय नहीं देते हैं। | BP33: i.शिक्षक विद्यार्थियों को समूह कार्य के अवसर प्रदान नहीं करते हैं। | BQ33: ii.नहीं | BS33: i.हाँ | BT33: i.कक्षा के नियम या दिनचर्या/रूटीन निर्धारित नहीं हैं। | BU33: iii.नहीं देखा गया (शिक्षक ने न तो रूढ़िवादिता या भेदभाव को बढ़ावा दिया/अभ्यास किया और न ही विद्यार्थियों को रूढ़िवादिता या भेदभाव के बारे में जागरूक किया) | BV33: i.अवलोकन के दौरान रूढ़िवादिता या भेदभाव की कोई घटना नहीं देखी गई। | BW33: ii.नहीं | CF33: iii.समझ की जाँच (CFU) प्रश्न iv.गृहकार्य देना | CG33: 0 | CH33: 0 | CI33: 1 | CJ33: 1 | CK33: 0 | CL33: 2. अनियमितता के साथ कभी कभी जाँची जाती है। | CM33: 2.कुछ त्रुटियों की पहचान की जाती है, लेकिन सुधार के सुझाव नहीं दिये जाते हैं। | CN33: 1.कोई फीडबैक नहीं दिया गया। | CO33: 1.नोटबुक को साफ़ सुथरा रखने और प्रस्तुतिकरण पर कोई टिप्पणी या फीडबैक नहीं। | CP33: i.अवलोकन के दौरान विषय-विशिष्ट नोटबुक नहीं पायी गईं। | CQ33: 7 | CR33: ii.नहीं | CV33: ii.कोई दो विद्यार्थी धाराप्रवाह के साथ पढ़ पा रहें हैं। | CW33: ii.कोई दो विद्यार्थीपढ़े हुए पैराग्राफ का कम से कम 70% समझ पा रहें हैं। | CX33: iii.किसी एक विद्यार्थी ने बिना किसी त्रुटि के लिखा है। | GC33: 1. आपका आकलन के माध्यम से सक्रिय रूप से समझ की जाँच करने का तरीका उत्कृष्ट हैं; समग्र शिक्षण सुनिश्चित करने के लिए इसी तरह जांच के तरीकों का उपयोग करते रहें। 2. कक्षा का वातावरण सम्मानजनक और सहयोगी बनाने के लिए आप बहुत ही बढ़िया काम कर रहे हैं; इसी तरह विद्यार्थियों के विकास और सीखने के लिए सकारात्मक एवं सम्मानजनक वातावरण बनाए रखें। 3. यह देखकर अच्छा लगा कि कक्षा का माहौल रूढ़िवादिता या भेदभाव की घटनाओं से मुक्त था, जिससे सभी विद्यार्थियों के लिए समावेशी और सम्मानजनक माहौल बना | GD33: 1. व्यवस्थित तरीके से पढ़ाने के लिए पाठ योजना का उपयोग करने पर विचार करें और पाठ के दौरान सभी प्रमुख शिक्षण बिंदु और गतिविधियाँ प्रभावी रूप से शामिल करना सुनिश्चित करें। 2. अलग-अलग शिक्षण आवश्यकताओं को पूरा करने के लिए विविध शिक्षण विधियों/तरीकों का उत्कृष्ट उपयोग किया जा रहा है; समग्र सीख और सहभागिता आधारित शिक्षण को इसी तरह जारी रखें। 3. आपने पढ़ाते समय कुछ विद्यार्थियों को शामिल करने का अच्छा प्रयास किया; शिक्षण में अधिकतम विद्यार्थियों को शामिल करने के लिए आपको सहभागिता बढ़ाने के तरीकों को अपनाना चाहिए। (जैसे कोल्ड कालिंग, TPS, चर्चा आदि | GE33: NA | GM33: 696237259 | GN33: 35a27c88-f0a3-4ee4-b717-55520ce0db2a | GO33: 45896.334 | GR33: submitted_via_web | GT33: vVLoBVrPnDmiCZ8fxF6Nin | GV33: uuid:35a27c88-f0a3-4ee4-b717-55520ce0db2a | GW33: 32
A34: 45896.558 | B34: 45896.574 | C34: 22.073881 78.944204 647.2999877929688 100 | D34: 22.073881 | E34: 78.944204 | F34: 647.29999 | G34: 100 | H34: 45896 | I34: Ritesh Pandey | L34: No | M34: Chhindwara | N34: Mohkhed | O34: 23430209903 | S34: इंग्लिश | U34: पुरुष | V34: Dinesh Kumar Pathe | W34: AH4228 | X34: नहीं | Y34: कक्षा 8 | Z34: 0 | AA34: 0 | AB34: 1 | AC34: 264 | AD34: 12 | AE34: 12 | AF34: Revision | AG34: सामाजिक विज्ञान अन्य | AH34: 0 | AI34: 0 | AJ34: 0 | AK34: 0 | AL34: 0 | AM34: 0 | AN34: 0 | AO34: 1 | AP34: 1 | AQ34: D.Ed में विषय नहीं होता। | AR34: इंग्लिश | AS34: 15 | AT34: 14 | AU34: i.शिक्षक कक्षा की शुरुआत, बिना किसी भूमिका के सीधे पढ़ाने से शुरू कर देते हैं। | AV34: i. व्याख्यान करते हैं। | AW34: 1 | AX34: 0 | AY34: 0 | AZ34: 0 | BA34: 0 | BC34: ii.10% - 40% विद्यार्थियों की सहभागिता है और शिक्षक ही अधिकांशतः बोल रहे हैं। | BD34: vi.इनमें से कोई नहीं देखा गया | BE34: 0 | BF34: 0 | BG34: 0 | BH34: 0 | BI34: 0 | BJ34: 1 | BK34: ii.शिक्षक केवल बंद-छोर वाले प्रश्न (close ended) पूछते हैं | BL34: ii.समय दिया गया, लेकिन दिया गया समय अपर्याप्त था। | BM34: iii.शिक्षक अधिकांशत: प्रश्नों पर प्रतिक्रिया हेतु रेन्डम/बिना किसी क्रम के प्रश्न पूछने की तकनीक का उपयोग करते हैं (जैसे कोल्ड कॉलिंग)। | BN34: i. अधिकांशतः हाँ/ना में सामूहिक उत्तर लेना | BO34: ii.शिक्षक स्वतंत्र कार्य के लिए विद्यार्थियों को समय देते हैं, लेकिन विद्यार्थियों के कार्य की जाँच करने और उनकी सहायता करने के लिए कक्षा में भ्रमण नहीं करते हैं। | BP34: i.शिक्षक विद्यार्थियों को समूह कार्य के अवसर प्रदान नहीं करते हैं। | BQ34: ii.नहीं | BS34: ii.नहीं | BT34: ii.कक्षा के नियम या दिनचर्या/ रूटीन निर्धारित हैं, लेकिन नियमित रूप से सुदृढ़ नहीं किए जाते हैं (आवश्यकता होने पर भी)। | BU34: iii.नहीं देखा गया (शिक्षक ने न तो रूढ़िवादिता या भेदभाव को बढ़ावा दिया/अभ्यास किया और न ही विद्यार्थियों को रूढ़िवादिता या भेदभाव के बारे में जागरूक किया) | BV34: i.अवलोकन के दौरान रूढ़िवादिता या भेदभाव की कोई घटना नहीं देखी गई। | BW34: ii.नहीं | CF34: iii.समझ की जाँच (CFU) प्रश्न iv.गृहकार्य देना | CG34: 0 | CH34: 0 | CI34: 1 | CJ34: 1 | CK34: 0 | CL34: 1. नियमित रूप से बिना देरी के तुरंत जाँची जाती है। | CM34: 3.अधिकांश त्रुटियों की पहचान की जाती है और उन्हें सुधारा जाता है। | CN34: 1.कोई फीडबैक नहीं दिया गया। | CO34: 1.नोटबुक को साफ़ सुथरा रखने और प्रस्तुतिकरण पर कोई टिप्पणी या फीडबैक नहीं। | CP34: iii.50% से अधिक विद्यार्थी विषय-विशिष्ट नोटबुक में काम करते हैं। | CQ34: 14 | CR34: ii.नहीं | CV34: i.सभी तीन विद्यार्थी धाराप्रवाह के साथ पढ़ पा रहें हैं। | CW34: ii.कोई दो विद्यार्थीपढ़े हुए पैराग्राफ का कम से कम 70% समझ पा रहें हैं। | CX34: ii.किन्ही दो विद्यार्थियों ने बिना किसी त्रुटि के लिखा है। | GC34: शिक्षक ने बच्चों को individual कार्य दिया। कक्षा में भ्रमण करके मदद की एवं कोल्ड कालिंग का अच्छा प्रयोग किया। कक्षा के नियम स्थापित है एवं उन्हें सुदृढ किया जाता है। | GD34: लेशन प्लान बनाने की आवश्यकता है। जिसमे शिक्षण की गतिविधि, हुक और TPS को शामिल करने की आवश्यकता है। | GE34: ऐसा रिस्पांस नहीं प्राप्त हुआ। | GF34: नहीं | GM34: 696243813 | GN34: 3d8110d2-3e5b-4304-900b-511f60c910c3 | GO34: 45896.344 | GR34: submitted_via_web | GT34: vVLoBVrPnDmiCZ8fxF6Nin | GV34: uuid:3d8110d2-3e5b-4304-900b-511f60c910c3 | GW34: 33
A35: 45896.563 | B35: 45896.578 | H35: 45896 | I35: Dharmendra Mishra | L35: Yes | M35: Sagar | N35: Rahatgarh | O35: 23110807402 | P35: Irfan Mohammad Siddiqui | Q35: Maths | R35: हाँ | U35: पुरुष | Y35: कक्षा 8 | Z35: 0 | AA35: 0 | AB35: 1 | AC35: 288 | AD35: 288 | AE35: 286 | AF35: Teaching | AG35: अन्य | AH35: 0 | AI35: 0 | AJ35: 0 | AK35: 0 | AL35: 0 | AM35: 0 | AN35: 0 | AO35: 0 | AP35: 1 | AQ35: NA | AR35: विज्ञान | AS35: 21 | AT35: 15 | AU35: iv.शिक्षक कक्षा के प्रारंभ में विद्यार्थियों का स्वागत करते हैं, उनका हाल चाल लेते हुए विषय पर हुक/चर्चा के माध्यम से उनका विषय वस्तु के साथ जुड़ाव बनाकर सकारात्मक शुरुआत करते हैं। | AV35: i. व्याख्यान करते हैं। ii. विद्यार्थियों से पाठ के कुछ हिस्सों को पढ़ने के लिए कहते हैं। iv. गतिविधि या खेल | AW35: 1 | AX35: 1 | AY35: 0 | AZ35: 1 | BA35: 0 | BC35: iii.40% या उससे अधिक (अपेक्षा अनुरूप) विद्यार्थियों की सहभागिता है। | BD35: i.हुक का प्रयोग ii.थिंक पेयर शेयर iii.समूह चर्चा | BE35: 1 | BF35: 1 | BG35: 1 | BH35: 0 | BI35: 0 | BJ35: 0 | BK35: iii.शिक्षक बंद और खुले-छोर (close & open-ended questions) वाले प्रश्नों को मिश्रित रूप से पूछते हैं | BL35: iii.समय दिया गया और अधिकांशतः सोचने के लिए पर्याप्त था। | BM35: iii.शिक्षक अधिकांशत: प्रश्नों पर प्रतिक्रिया हेतु रेन्डम/बिना किसी क्रम के प्रश्न पूछने की तकनीक का उपयोग करते हैं (जैसे कोल्ड कॉलिंग)। | BN35: iii.हाँ, अधिकांशतः विद्यार्थियों का त्वरित आकलन (मौखिक या लिखित - जैसे सभी से कुछ सवाल या एक्ज़िट टिकिट) करते हुए उनके अलग अलग जवाब लिए गए| | BO35: iv.शिक्षक स्वतंत्र कार्य के लिए विद्यार्थियों को समय देते हैं और विद्यार्थियों के कार्य की जाँच करने और उनकी सहायता करने के लिए कक्षा में भ्रमण भी करते हैं। | BP35: iv.शिक्षक समूह में सीखने के अवसर प्रदान करते हैं और विद्यार्थियों के कार्य की जाँच करने और उनकी सहायता के लिए कक्षा में भ्रमण करते हैं। | BQ35: ii.नहीं | BS35: i.हाँ | BT35: i.कक्षा के नियम या दिनचर्या/रूटीन निर्धारित नहीं हैं। | BU35: iii.नहीं देखा गया (शिक्षक ने न तो रूढ़िवादिता या भेदभाव को बढ़ावा दिया/अभ्यास किया और न ही विद्यार्थियों को रूढ़िवादिता या भेदभाव के बारे में जागरूक किया) | BV35: i.अवलोकन के दौरान रूढ़िवादिता या भेदभाव की कोई घटना नहीं देखी गई। | BW35: ii.नहीं | CF35: ii.विषय से संबंधित गतिविधियाँ iii.समझ की जाँच (CFU) प्रश्न iv.गृहकार्य देना | CG35: 0 | CH35: 1 | CI35: 1 | CJ35: 1 | CK35: 0 | CL35: 1. नियमित रूप से बिना देरी के तुरंत जाँची जाती है। | CM35: 3.अधिकांश त्रुटियों की पहचान की जाती है और उन्हें सुधारा जाता है। | CN35: 1.कोई फीडबैक नहीं दिया गया। | CO35: 1.नोटबुक को साफ़ सुथरा रखने और प्रस्तुतिकरण पर कोई टिप्पणी या फीडबैक नहीं। | CP35: i.अवलोकन के दौरान विषय-विशिष्ट नोटबुक नहीं पायी गईं। | CQ35: 13 | CR35: i.हाँ | CS35: ii.अधिकतर पुराने (फटे या ऐसे जिनमें जानकारी स्पष्ट दिख नहीं रही) | CT35: i.अधिकतर विद्यार्थियों द्वारा बनाए गए | CU35: ii.कक्षा में मौजूद चार्ट/पोस्टर शैक्षणिक विषयों पर हैं, लेकिन कक्षा में शामिल/पढ़ाए नहीं जा रहे हैं। | CV35: i.सभी तीन विद्यार्थी धाराप्रवाह के साथ पढ़ पा रहें हैं। | CW35: ii.कोई दो विद्यार्थीपढ़े हुए पैराग्राफ का कम से कम 70% समझ पा रहें हैं। | CX35: ii.किन्ही दो विद्यार्थियों ने बिना किसी त्रुटि के लिखा है। | GC35: 1. कक्षा के प्रारंभ मे विद्यार्थियों के साथ बातचीत करना, उनका स्वागत करना एवं विषय वस्तु के साथ जुड़ाव बनाकर कक्षा की शुरुआत करने का आपका प्रयास प्रसंशनीय हैं, इस प्रयास को नियमित रखें एवं इसमें नवाचार के बारे में भी सोचें। 2. अलग-अलग शिक्षण आवश्यकताओं को पूरा करने के लिए विविध शिक्षण विधियों/तरीकों का उत्कृष्ट उपयोग किया जा रहा है; समग्र सीख और सहभागिता आधारित शिक्षण को इसी तरह जारी रखें। 3. कक्षा में विद्यार्थियों की सक्रिय भागीदारी और सहभागिता को बढ़ावा देने में आप बहुत बढ़िया काम कर रहे हैं; इसी तरह सीखने के परस्पर संवादात्मक (इंटरैक्टिव) वातावरण को बढ़ावा देते रहें। | GD35: 1. व्यवस्थित तरीके से पढ़ाने के लिए पाठ योजना का उपयोग करने पर विचार करें और पाठ के दौरान सभी प्रमुख शिक्षण बिंदु और गतिविधियाँ प्रभावी रूप से शामिल करना सुनिश्चित करें। 2. विद्यार्थियों के विकास के लिए लिखित प्रतिक्रिया देना महत्वपूर्ण है; सुनिश्चित करें कि रचनात्मक टिप्पणियाँ शामिल हों जो विद्यार्थियों को उनके काम को बेहतर बनाने में मार्गदर्शन करें। 3. पुराने चार्ट और पोस्टर्स को नियमित रूप से अपडेट करें, ताकि ये वर्तमान पाठ्यक्रम से प्रासंगिक रहें एवं इनमें दी गयी जानकारी देखी/समझी जा सकती है | GE35: NA | GM35: 696246459 | GN35: 90fb4062-306b-486e-af18-182555b77fea | GO35: 45896.349 | GR35: submitted_via_web | GT35: vVLoBVrPnDmiCZ8fxF6Nin | GV35: uuid:90fb4062-306b-486e-af18-182555b77fea | GW35: 34
A36: 45895.525 | B36: 45896.58 | H36: 45895 | I36: Ritesh Rathore | L36: Yes | M36: Sehore | N36: Ashta | O36: 23330104602 | P36: Aanand Verma | Q36: Maths | R36: हाँ | U36: पुरुष | Y36: कक्षा 6 | Z36: 1 | AA36: 0 | AB36: 0 | AC36: 36 | AD36: 36 | AE36: 36 | AF36: Teaching | AG36: गणित | AH36: 0 | AI36: 0 | AJ36: 0 | AK36: 0 | AL36: 0 | AM36: 1 | AN36: 0 | AO36: 0 | AP36: 0 | AR36: गणित | AS36: 8 | AT36: 8 | AU36: i.शिक्षक कक्षा की शुरुआत, बिना किसी भूमिका के सीधे पढ़ाने से शुरू कर देते हैं। | AV36: i. व्याख्यान करते हैं। | AW36: 1 | AX36: 0 | AY36: 0 | AZ36: 0 | BA36: 0 | BC36: iii.40% या उससे अधिक (अपेक्षा अनुरूप) विद्यार्थियों की सहभागिता है। | BD36: vi.इनमें से कोई नहीं देखा गया | BE36: 0 | BF36: 0 | BG36: 0 | BH36: 0 | BI36: 0 | BJ36: 1 | BK36: i.शिक्षक ने प्रश्न नही पूछे | BN36: i. अधिकांशतः हाँ/ना में सामूहिक उत्तर लेना | BO36: iv.शिक्षक स्वतंत्र कार्य के लिए विद्यार्थियों को समय देते हैं और विद्यार्थियों के कार्य की जाँच करने और उनकी सहायता करने के लिए कक्षा में भ्रमण भी करते हैं। | BP36: i.शिक्षक विद्यार्थियों को समूह कार्य के अवसर प्रदान नहीं करते हैं। | BQ36: ii.नहीं | BS36: i.हाँ | BT36: i.कक्षा के नियम या दिनचर्या/रूटीन निर्धारित नहीं हैं। | BU36: iii.नहीं देखा गया (शिक्षक ने न तो रूढ़िवादिता या भेदभाव को बढ़ावा दिया/अभ्यास किया और न ही विद्यार्थियों को रूढ़िवादिता या भेदभाव के बारे में जागरूक किया) | BV36: i.अवलोकन के दौरान रूढ़िवादिता या भेदभाव की कोई घटना नहीं देखी गई। | BW36: ii.नहीं | CF36: v.उपरोक्त में से कोई भी नहीं | CG36: 0 | CH36: 0 | CI36: 0 | CJ36: 0 | CK36: 1 | CL36: 1. नियमित रूप से बिना देरी के तुरंत जाँची जाती है। | CM36: 3.अधिकांश त्रुटियों की पहचान की जाती है और उन्हें सुधारा जाता है। | CN36: 1.कोई फीडबैक नहीं दिया गया। | CO36: 1.नोटबुक को साफ़ सुथरा रखने और प्रस्तुतिकरण पर कोई टिप्पणी या फीडबैक नहीं। | CP36: iii.50% से अधिक विद्यार्थी विषय-विशिष्ट नोटबुक में काम करते हैं। | CQ36: 8 | CR36: ii.नहीं | CV36: i.सभी तीन विद्यार्थी धाराप्रवाह के साथ पढ़ पा रहें हैं। | CW36: i.सभी तीन विद्यार्थी पढ़े हुए पैराग्राफ का कम से कम 70% समझ पा रहें हैं। | CX36: i.सभी तीन विद्यार्थियों ने बिना किसी त्रुटि के लिखा है। | GC36: आपने बच्चों को बहुत ही अच्छे से कक्षा में बैठाया है, आपकी कक्षा में बैठक व्यवस्था बहुत अच्छी है, सभी बच्चों के पास पुस्तकें हैं और बच्चे इनका उपयोग भी कर रहे हैं | GD36: बच्चों को पढ़ाते समय आप इनकी सक्रियता बढ़ाने के लिए हम बच्चों को समूह कार्य दे सकते हैं ताकि बच्चे आपस में मिलकर कार्य कर सकें, जब आप बच्चों को स्वतंत्र कार्य दे रहे हैं तो कक्षा भ्रमण कर देख भी सकते हैं कि बच्चे सही कार्य कर रहे हैं या नहीं ऐसा करने से बच्चों को आवश्यक सहयोग भी प्रदान किया जा सकता है | GE36: नहीं | GM36: 696247633 | GN36: ec3c0cb5-731f-48e5-b675-0c7d119e154c | GO36: 45896.351 | GR36: submitted_via_web | GT36: vVLoBVrPnDmiCZ8fxF6Nin | GV36: uuid:ec3c0cb5-731f-48e5-b675-0c7d119e154c | GW36: 35
A37: 45896.574 | B37: 45896.583 | C37: 22.073146 78.944204 644.5 1600 | D37: 22.073146 | E37: 78.944204 | F37: 644.5 | G37: 1600 | H37: 45896 | I37: Ritesh Pandey | L37: No | M37: Chhindwara | N37: Chhindwara | O37: 23430209903 | S37: सामाजिक विज्ञान | U37: महिला | V37: नेहा जैन | W37: BW4292 | X37: हाँ | Y37: कक्षा 6 | Z37: 1 | AA37: 0 | AB37: 0 | AC37: 144 | AD37: 144 | AE37: 144 | AF37: Revision | AG37: सामाजिक विज्ञान | AH37: 0 | AI37: 0 | AJ37: 0 | AK37: 0 | AL37: 0 | AM37: 0 | AN37: 0 | AO37: 1 | AP37: 0 | AR37: सामाजिक विज्ञान | AS37: 14 | AT37: 12 | AU37: i.शिक्षक कक्षा की शुरुआत, बिना किसी भूमिका के सीधे पढ़ाने से शुरू कर देते हैं। | AV37: i. व्याख्यान करते हैं। iii. टीएलएम का उपयोग करते हैं (पाठ्यपुस्तक और ब्लैक/वाइट बोर्ड के अलावा) iv. गतिविधि या खेल | AW37: 1 | AX37: 0 | AY37: 1 | AZ37: 1 | BA37: 0 | BC37: iii.40% या उससे अधिक (अपेक्षा अनुरूप) विद्यार्थियों की सहभागिता है। | BD37: vi.इनमें से कोई नहीं देखा गया | BE37: 0 | BF37: 0 | BG37: 0 | BH37: 0 | BI37: 0 | BJ37: 1 | BK37: iii.शिक्षक बंद और खुले-छोर (close & open-ended questions) वाले प्रश्नों को मिश्रित रूप से पूछते हैं | BL37: i.कोई समय नहीं दिया गया, मुख्यतः तत्काल प्रतिक्रिया मांगी गई। | BM37: ii.शिक्षक अधिकांशत: प्रश्नों पर उन विद्यार्थियों से प्रतिक्रियाएँ लेते हैं जो हाथ उठाते हैं/ कुछ विद्यार्थियों से ही उत्तर लेते हैं । | BN37: ii.हाँ, अधिकांशतः कुछ बुनियादी समझ की जाँच की तकनीक (हाथ उठाना, अंगूठा दिखाना, आदि) का प्रयोग किया गया | BO37: iv.शिक्षक स्वतंत्र कार्य के लिए विद्यार्थियों को समय देते हैं और विद्यार्थियों के कार्य की जाँच करने और उनकी सहायता करने के लिए कक्षा में भ्रमण भी करते हैं। | BP37: i.शिक्षक विद्यार्थियों को समूह कार्य के अवसर प्रदान नहीं करते हैं। | BQ37: ii.नहीं | BS37: i.हाँ | BT37: iv.कक्षा के नियम या दिनचर्या/रूटीन निर्धारित हैं और आवश्यकता अनुसार लगातार सुदृढ़ किए जाते हैं एवं प्रभावी भी हैं। | BU37: iii.नहीं देखा गया (शिक्षक ने न तो रूढ़िवादिता या भेदभाव को बढ़ावा दिया/अभ्यास किया और न ही विद्यार्थियों को रूढ़िवादिता या भेदभाव के बारे में जागरूक किया) | BV37: i.अवलोकन के दौरान रूढ़िवादिता या भेदभाव की कोई घटना नहीं देखी गई। | BW37: ii.नहीं | CF37: i.TLM का उपयोग किया ii.विषय से संबंधित गतिविधियाँ iii.समझ की जाँच (CFU) प्रश्न iv.गृहकार्य देना | CG37: 1 | CH37: 1 | CI37: 1 | CJ37: 1 | CK37: 0 | CL37: 1. नियमित रूप से बिना देरी के तुरंत जाँची जाती है। | CM37: 3.अधिकांश त्रुटियों की पहचान की जाती है और उन्हें सुधारा जाता है। | CN37: 1.कोई फीडबैक नहीं दिया गया। | CO37: 1.नोटबुक को साफ़ सुथरा रखने और प्रस्तुतिकरण पर कोई टिप्पणी या फीडबैक नहीं। | CP37: iii.50% से अधिक विद्यार्थी विषय-विशिष्ट नोटबुक में काम करते हैं। | CQ37: 12 | CR37: ii.नहीं | CV37: i.सभी तीन विद्यार्थी धाराप्रवाह के साथ पढ़ पा रहें हैं। | CW37: iv. कोई भी विद्यार्थी पढ़े हुए पैराग्राफ का कम से कम 70% नही समझ पा रहा है। | CX37: iv.कोई विद्यार्थी नहीं लिख पाया या लेखन में त्रुटि है। | GC37: शिक्षिका ने TLM (ग्लोब) का अच्छा उपयोग किया। सभी बच्चों को मौके दिए। उनके कार्य मे भ्रमण कर मदद की। | GD37: लेशन प्लान बनाना, TPS, कोल्ड कालिंग ,हुक का कक्षा में उपयोग करने की आवश्यकता है। | GE37: कक्षा की वीडियो की मांग की गई। | GF37: नहीं। | GM37: 696249449 | GN37: 035936ae-f97d-44f3-8db8-3054d3c97ef3 | GO37: 45896.354 | GR37: submitted_via_web | GT37: vVLoBVrPnDmiCZ8fxF6Nin | GV37: uuid:035936ae-f97d-44f3-8db8-3054d3c97ef3 | GW37: 36
A38: 45887.683 | B38: 45896.587 | H38: 45887 | I38: Alekh Tiwari | L38: No | M38: Rewa | N38: Rewa | O38: 23140107611 | S38: सामाजिक विज्ञान | U38: पुरुष | V38: Ravi Ulla Khan | W38: BV1196 | X38: हाँ | Y38: कक्षा 8 | Z38: 0 | AA38: 0 | AB38: 1 | AC38: 300 | AD38: 144 | AE38: 144 | AF38: Revision | AG38: सामाजिक विज्ञान | AH38: 0 | AI38: 0 | AJ38: 0 | AK38: 0 | AL38: 0 | AM38: 0 | AN38: 0 | AO38: 1 | AP38: 0 | AR38: सामाजिक विज्ञान | AS38: 47 | AT38: 25 | AU38: ii.शिक्षक कक्षा में कुछ विद्यार्थियों से हाल-चाल पूछते हैं एवं स्वागत करते हैं और फिर पढ़ाना शुरू करते हैं। | AV38: i. व्याख्यान करते हैं। | AW38: 1 | AX38: 0 | AY38: 0 | AZ38: 0 | BA38: 0 | BC38: ii.10% - 40% विद्यार्थियों की सहभागिता है और शिक्षक ही अधिकांशतः बोल रहे हैं। | BD38: vi.इनमें से कोई नहीं देखा गया | BE38: 0 | BF38: 0 | BG38: 0 | BH38: 0 | BI38: 0 | BJ38: 1 | BK38: ii.शिक्षक केवल बंद-छोर वाले प्रश्न (close ended) पूछते हैं | BL38: ii.समय दिया गया, लेकिन दिया गया समय अपर्याप्त था। | BM38: i.शिक्षक अधिकांशत: प्रश्नों पर विद्यार्थियों से सामूहिक प्रतिक्रियाएँ लेते हैं। | BN38: iv.समझ की जांच नहीं की गई | BO38: i.शिक्षक स्वतंत्र कार्य के लिए विद्यार्थियों को समय नहीं देते हैं। | BP38: i.शिक्षक विद्यार्थियों को समूह कार्य के अवसर प्रदान नहीं करते हैं। | BQ38: ii.नहीं | BS38: i.हाँ | BT38: i.कक्षा के नियम या दिनचर्या/रूटीन निर्धारित नहीं हैं। | BU38: iii.नहीं देखा गया (शिक्षक ने न तो रूढ़िवादिता या भेदभाव को बढ़ावा दिया/अभ्यास किया और न ही विद्यार्थियों को रूढ़िवादिता या भेदभाव के बारे में जागरूक किया) | BV38: i.अवलोकन के दौरान रूढ़िवादिता या भेदभाव की कोई घटना नहीं देखी गई। | BW38: ii.नहीं | CF38: iv.गृहकार्य देना | CG38: 0 | CH38: 0 | CI38: 0 | CJ38: 1 | CK38: 0 | CL38: 2. अनियमितता के साथ कभी कभी जाँची जाती है। | CM38: 2.कुछ त्रुटियों की पहचान की जाती है, लेकिन सुधार के सुझाव नहीं दिये जाते हैं। | CN38: 1.कोई फीडबैक नहीं दिया गया। | CO38: 1.नोटबुक को साफ़ सुथरा रखने और प्रस्तुतिकरण पर कोई टिप्पणी या फीडबैक नहीं। | CP38: i.अवलोकन के दौरान विषय-विशिष्ट नोटबुक नहीं पायी गईं। | CQ38: 15 | CR38: i.हाँ | CS38: ii.अधिकतर पुराने (फटे या ऐसे जिनमें जानकारी स्पष्ट दिख नहीं रही) | CT38: i.अधिकतर विद्यार्थियों द्वारा बनाए गए | CU38: ii.कक्षा में मौजूद चार्ट/पोस्टर शैक्षणिक विषयों पर हैं, लेकिन कक्षा में शामिल/पढ़ाए नहीं जा रहे हैं। | CV38: ii.कोई दो विद्यार्थी धाराप्रवाह के साथ पढ़ पा रहें हैं। | CW38: ii.कोई दो विद्यार्थीपढ़े हुए पैराग्राफ का कम से कम 70% समझ पा रहें हैं। | CX38: iii.किसी एक विद्यार्थी ने बिना किसी त्रुटि के लिखा है। | GC38: शिक्षक प्रश्न पूछते है। | GD38: प्रश्न पूछने के बाद बच्चों के उत्तर के लिए समय देना बच्चों का चाहिएं करना फिर उत्तर लेना, फीडबैक देना यह लर्न प्रक्रिया अपनाना। समामुहिक ज़बाब से बचना। | GE38: निरंतर फीडबैक और कक्षा अवलोकन | GM38: 696252260 | GN38: 180087e2-6cdf-4877-a4b0-4cc8d7b7b725 | GO38: 45896.358 | GR38: submitted_via_web | GT38: vVLoBVrPnDmiCZ8fxF6Nin | GV38: uuid:180087e2-6cdf-4877-a4b0-4cc8d7b7b725 | GW38: 37
A39: 45896.578 | B39: 45896.598 | H39: 45896 | I39: Dharmendra Mishra | L39: No | M39: Damoh | N39: Patharia | O39: 23120203103 | S39: सामाजिक विज्ञान | U39: पुरुष | V39: Mohan Sigh | W39: BT6688 | X39: हाँ | Y39: कक्षा 7 | Z39: 0 | AA39: 1 | AB39: 0 | AC39: 192 | AD39: 192 | AE39: 192 | AF39: Revision | AG39: सामाजिक विज्ञान | AH39: 0 | AI39: 0 | AJ39: 0 | AK39: 0 | AL39: 0 | AM39: 0 | AN39: 0 | AO39: 1 | AP39: 0 | AR39: हिन्दी | AS39: 28 | AT39: 22 | AU39: iv.शिक्षक कक्षा के प्रारंभ में विद्यार्थियों का स्वागत करते हैं, उनका हाल चाल लेते हुए विषय पर हुक/चर्चा के माध्यम से उनका विषय वस्तु के साथ जुड़ाव बनाकर सकारात्मक शुरुआत करते हैं। | AV39: i. व्याख्यान करते हैं। ii. विद्यार्थियों से पाठ के कुछ हिस्सों को पढ़ने के लिए कहते हैं। iii. टीएलएम का उपयोग करते हैं (पाठ्यपुस्तक और ब्लैक/वाइट बोर्ड के अलावा) | AW39: 1 | AX39: 1 | AY39: 1 | AZ39: 0 | BA39: 0 | BC39: ii.10% - 40% विद्यार्थियों की सहभागिता है और शिक्षक ही अधिकांशतः बोल रहे हैं। | BD39: i.हुक का प्रयोग | BE39: 1 | BF39: 0 | BG39: 0 | BH39: 0 | BI39: 0 | BJ39: 0 | BK39: iii.शिक्षक बंद और खुले-छोर (close & open-ended questions) वाले प्रश्नों को मिश्रित रूप से पूछते हैं | BL39: i.कोई समय नहीं दिया गया, मुख्यतः तत्काल प्रतिक्रिया मांगी गई। | BM39: iii.शिक्षक अधिकांशत: प्रश्नों पर प्रतिक्रिया हेतु रेन्डम/बिना किसी क्रम के प्रश्न पूछने की तकनीक का उपयोग करते हैं (जैसे कोल्ड कॉलिंग)। | BN39: iii.हाँ, अधिकांशतः विद्यार्थियों का त्वरित आकलन (मौखिक या लिखित - जैसे सभी से कुछ सवाल या एक्ज़िट टिकिट) करते हुए उनके अलग अलग जवाब लिए गए| | BO39: i.शिक्षक स्वतंत्र कार्य के लिए विद्यार्थियों को समय नहीं देते हैं। | BP39: i.शिक्षक विद्यार्थियों को समूह कार्य के अवसर प्रदान नहीं करते हैं। | BQ39: ii.नहीं | BS39: i.हाँ | BT39: i.कक्षा के नियम या दिनचर्या/रूटीन निर्धारित नहीं हैं। | BU39: iii.नहीं देखा गया (शिक्षक ने न तो रूढ़िवादिता या भेदभाव को बढ़ावा दिया/अभ्यास किया और न ही विद्यार्थियों को रूढ़िवादिता या भेदभाव के बारे में जागरूक किया) | BV39: i.अवलोकन के दौरान रूढ़िवादिता या भेदभाव की कोई घटना नहीं देखी गई। | BW39: ii.नहीं | CF39: i.TLM का उपयोग किया iii.समझ की जाँच (CFU) प्रश्न iv.गृहकार्य देना | CG39: 1 | CH39: 0 | CI39: 1 | CJ39: 1 | CK39: 0 | CL39: 2. अनियमितता के साथ कभी कभी जाँची जाती है। | CM39: 2.कुछ त्रुटियों की पहचान की जाती है, लेकिन सुधार के सुझाव नहीं दिये जाते हैं। | CN39: 1.कोई फीडबैक नहीं दिया गया। | CO39: 1.नोटबुक को साफ़ सुथरा रखने और प्रस्तुतिकरण पर कोई टिप्पणी या फीडबैक नहीं। | CP39: i.अवलोकन के दौरान विषय-विशिष्ट नोटबुक नहीं पायी गईं। | CQ39: 2 | CR39: i.हाँ | CS39: ii.अधिकतर पुराने (फटे या ऐसे जिनमें जानकारी स्पष्ट दिख नहीं रही) | CT39: i.अधिकतर विद्यार्थियों द्वारा बनाए गए | CU39: ii.कक्षा में मौजूद चार्ट/पोस्टर शैक्षणिक विषयों पर हैं, लेकिन कक्षा में शामिल/पढ़ाए नहीं जा रहे हैं। | CV39: i.सभी तीन विद्यार्थी धाराप्रवाह के साथ पढ़ पा रहें हैं। | CW39: ii.कोई दो विद्यार्थीपढ़े हुए पैराग्राफ का कम से कम 70% समझ पा रहें हैं। | CX39: ii.किन्ही दो विद्यार्थियों ने बिना किसी त्रुटि के लिखा है। | GC39: 1. कक्षा के प्रारंभ मे विद्यार्थियों के साथ बातचीत करना, उनका स्वागत करना एवं विषय वस्तु के साथ जुड़ाव बनाकर कक्षा की शुरुआत करने का आपका प्रयास प्रसंशनीय हैं, इस प्रयास को नियमित रखें एवं इसमें नवाचार के बारे में भी सोचें। 2. अलग-अलग शिक्षण आवश्यकताओं को पूरा करने के लिए विविध शिक्षण विधियों/तरीकों का उत्कृष्ट उपयोग किया जा रहा है; समग्र सीख और सहभागिता आधारित शिक्षण को इसी तरह जारी रखें। 3. आपने प्रश्न के अलग-अलग प्रकारों का संतुलित उपयोग करने का उत्कृष्ट प्रयास किया; कक्षा में पढ़ाते समय इसी तरह विद्यार्थियों द्वारा विचारों की अभिव्यक्ति एवं सक्रिय भागीदारी को बढ़ाते रहें | GD39: 1. व्यवस्थित तरीके से पढ़ाने के लिए पाठ योजना का उपयोग करने पर विचार करें और पाठ के दौरान सभी प्रमुख शिक्षण बिंदु और गतिविधियाँ प्रभावी रूप से शामिल करना सुनिश्चित करें। 2. विद्यार्थियों के आत्मविश्वास और समझ/सीख को बढ़ाने के लिए उनसे प्रतिक्रिया लेने से पहले प्रश्न को समझने और जवाब सोचने के लिए स्पष्ट रूप से कह कर पर्याप्त समय देने पर विचार करें। 3. आपने पढ़ाते समय कुछ विद्यार्थियों को शामिल करने का अच्छा प्रयास किया; शिक्षण में अधिकतम विद्यार्थियों को शामिल करने के लिए आपको सहभागिता बढ़ाने के तरीकों को अपनाना चाहिए। (जैसे कोल्ड कालिंग, TPS, चर्चा आदि) | GE39: NA | GM39: 696260559 | GN39: 2d75c5de-0fd8-4506-90a8-976bae6708e4 | GO39: 45896.369 | GR39: submitted_via_web | GT39: vVLoBVrPnDmiCZ8fxF6Nin | GV39: uuid:2d75c5de-0fd8-4506-90a8-976bae6708e4 | GW39: 38
A40: 45896.598 | B40: 45896.611 | H40: 45896 | I40: Dharmendra Mishra | L40: No | M40: Damoh | N40: Patharia | O40: 23120210702 | S40: सामाजिक विज्ञान | U40: पुरुष | V40: Hariram Ahirwar | W40: AH7342 | X40: नहीं | Y40: कक्षा 8 | Z40: 0 | AA40: 0 | AB40: 1 | AC40: 216 | AD40: 211 | AE40: 215 | AF40: Teaching | AG40: अन्य | AH40: 0 | AI40: 0 | AJ40: 0 | AK40: 0 | AL40: 0 | AM40: 0 | AN40: 0 | AO40: 0 | AP40: 1 | AQ40: NA | AR40: संस्कृत | AS40: 19 | AT40: 10 | AU40: i.शिक्षक कक्षा की शुरुआत, बिना किसी भूमिका के सीधे पढ़ाने से शुरू कर देते हैं। | AV40: i. व्याख्यान करते हैं। ii. विद्यार्थियों से पाठ के कुछ हिस्सों को पढ़ने के लिए कहते हैं। | AW40: 1 | AX40: 1 | AY40: 0 | AZ40: 0 | BA40: 0 | BC40: i.10 % से कम विद्यार्थियों की सहभागिता है और अधिकांशतः शिक्षक ही बोल रहे हैं। | BD40: vi.इनमें से कोई नहीं देखा गया | BE40: 0 | BF40: 0 | BG40: 0 | BH40: 0 | BI40: 0 | BJ40: 1 | BK40: i.शिक्षक ने प्रश्न नही पूछे | BN40: iv.समझ की जांच नहीं की गई | BO40: i.शिक्षक स्वतंत्र कार्य के लिए विद्यार्थियों को समय नहीं देते हैं। | BP40: i.शिक्षक विद्यार्थियों को समूह कार्य के अवसर प्रदान नहीं करते हैं। | BQ40: ii.नहीं | BS40: i.हाँ | BT40: i.कक्षा के नियम या दिनचर्या/रूटीन निर्धारित नहीं हैं। | BU40: iii.नहीं देखा गया (शिक्षक ने न तो रूढ़िवादिता या भेदभाव को बढ़ावा दिया/अभ्यास किया और न ही विद्यार्थियों को रूढ़िवादिता या भेदभाव के बारे में जागरूक किया) | BV40: i.अवलोकन के दौरान रूढ़िवादिता या भेदभाव की कोई घटना नहीं देखी गई। | BW40: ii.नहीं | CF40: iv.गृहकार्य देना | CG40: 0 | CH40: 0 | CI40: 0 | CJ40: 1 | CK40: 0 | CL40: 3.कभी जाँची नहीं जाती | CM40: 1.त्रुटियों की न तो पहचान की जाती है और न ही उन्हें सुधारा जाता है। | CN40: 1.कोई फीडबैक नहीं दिया गया। | CO40: 1.नोटबुक को साफ़ सुथरा रखने और प्रस्तुतिकरण पर कोई टिप्पणी या फीडबैक नहीं। | CP40: i.अवलोकन के दौरान विषय-विशिष्ट नोटबुक नहीं पायी गईं। | CQ40: 10 | CR40: ii.नहीं | CV40: ii.कोई दो विद्यार्थी धाराप्रवाह के साथ पढ़ पा रहें हैं। | CW40: iii.कोई एक विद्यार्थी पढ़े हुए पैराग्राफ का कम से कम 70% समझ पा रहा है। | CX40: iii.किसी एक विद्यार्थी ने बिना किसी त्रुटि के लिखा है। | GC40: 1. अलग-अलग शिक्षण आवश्यकताओं को पूरा करने के लिए विविध शिक्षण विधियों/तरीकों का उत्कृष्ट उपयोग किया जा रहा है; समग्र सीख और सहभागिता आधारित शिक्षण को इसी तरह जारी रखें। 2. कक्षा का वातावरण सम्मानजनक और सहयोगी बनाने के लिए आप बहुत ही बढ़िया काम कर रहे हैं; इसी तरह विद्यार्थियों के विकास और सीखने के लिए सकारात्मक एवं सम्मानजनक वातावरण बनाए रखें। 3. यह देखकर अच्छा लगा कि कक्षा का माहौल रूढ़िवादिता या भेदभाव की घटनाओं से मुक्त था, जिससे सभी विद्यार्थियों के लिए समावेशी और सम्मानजनक माहौल बना | GD40: 1. व्यवस्थित तरीके से पढ़ाने के लिए पाठ योजना का उपयोग करने पर विचार करें और पाठ के दौरान सभी प्रमुख शिक्षण बिंदु और गतिविधियाँ प्रभावी रूप से शामिल करना सुनिश्चित करें। 2. कक्षा की शुरुआत में विद्यार्थियों के साथ विषय से जुड़ी सामान्य बातचीत करना, स्वागत करना एवं सभी विद्यार्थियों के साथ जुड़ाव बनाना, उनको सीखने के लिए तैयार करने के लिए जरूरी हैं 3. विद्यार्थियों में पाठ के विषय के बारे में सोचने और अपने विचार बनाने को प्रोत्साहित करने और उनकी समझ/सीख का आकलन करने के लिए पाठ के दौरान प्रश्नों का उपयोग करें, यह शिक्षण प्रक्रिया का एक अभिन्न अंग है | GE40: NA | GM40: 696268357 | GN40: 43a91921-4c0d-42bc-967b-cd59d003c4bc | GO40: 45896.382 | GR40: submitted_via_web | GT40: vVLoBVrPnDmiCZ8fxF6Nin | GV40: uuid:43a91921-4c0d-42bc-967b-cd59d003c4bc | GW40: 39
A41: 45896.501 | B41: 45896.617 | C41: 22.79455 75.853909 0.0 103 | D41: 22.79455 | E41: 75.853909 | F41: 0 | G41: 103 | H41: 45896 | I41: Srujan Deshpande | L41: Yes | M41: Indore | N41: Indore (Urban-1) | O41: 23260106808 | P41: Rashmi Vyas | Q41: Social Science | R41: हाँ | U41: महिला | Y41: कक्षा 6 | Z41: 1 | AA41: 0 | AB41: 0 | AC41: 172 | AD41: 168 | AE41: 168 | AF41: Teaching | AG41: सामाजिक विज्ञान | AH41: 0 | AI41: 0 | AJ41: 0 | AK41: 0 | AL41: 0 | AM41: 0 | AN41: 0 | AO41: 1 | AP41: 0 | AR41: सामाजिक विज्ञान | AS41: 59 | AT41: 29 | AU41: iii.शिक्षक कक्षा की शरुआत रोचक तरीके से हुक तकनीक के उपयोग से करते है (हुक: एक तकनीक जो विद्यार्थियों को आकर्षित करने के लिए पाठ का परिचय कहानी, वस्तुओं, तथ्य और प्रश्नों के माध्यम से किया जाता है। यह 30 सेकण्ड से 3 मिनट का एक छोटा भाग होता है।) | AV41: i. व्याख्यान करते हैं। ii. विद्यार्थियों से पाठ के कुछ हिस्सों को पढ़ने के लिए कहते हैं। iii. टीएलएम का उपयोग करते हैं (पाठ्यपुस्तक और ब्लैक/वाइट बोर्ड के अलावा) | AW41: 1 | AX41: 1 | AY41: 1 | AZ41: 0 | BA41: 0 | BC41: iii.40% या उससे अधिक (अपेक्षा अनुरूप) विद्यार्थियों की सहभागिता है। | BD41: i.हुक का प्रयोग ii.थिंक पेयर शेयर v.विद्यार्थी के कार्यों (अकादमिक/गैर अकादमिक) पर रचनात्मक फीडबैक (Constructive Feedback) | BE41: 1 | BF41: 1 | BG41: 0 | BH41: 0 | BI41: 1 | BJ41: 0 | BK41: iii.शिक्षक बंद और खुले-छोर (close & open-ended questions) वाले प्रश्नों को मिश्रित रूप से पूछते हैं | BL41: iii.समय दिया गया और अधिकांशतः सोचने के लिए पर्याप्त था। | BM41: ii.शिक्षक अधिकांशत: प्रश्नों पर उन विद्यार्थियों से प्रतिक्रियाएँ लेते हैं जो हाथ उठाते हैं/ कुछ विद्यार्थियों से ही उत्तर लेते हैं । | BN41: ii.हाँ, अधिकांशतः कुछ बुनियादी समझ की जाँच की तकनीक (हाथ उठाना, अंगूठा दिखाना, आदि) का प्रयोग किया गया | BO41: iv.शिक्षक स्वतंत्र कार्य के लिए विद्यार्थियों को समय देते हैं और विद्यार्थियों के कार्य की जाँच करने और उनकी सहायता करने के लिए कक्षा में भ्रमण भी करते हैं। | BP41: i.शिक्षक विद्यार्थियों को समूह कार्य के अवसर प्रदान नहीं करते हैं। | BQ41: ii.नहीं | BS41: i.हाँ | BT41: iv.कक्षा के नियम या दिनचर्या/रूटीन निर्धारित हैं और आवश्यकता अनुसार लगातार सुदृढ़ किए जाते हैं एवं प्रभावी भी हैं। | BU41: iii.नहीं देखा गया (शिक्षक ने न तो रूढ़िवादिता या भेदभाव को बढ़ावा दिया/अभ्यास किया और न ही विद्यार्थियों को रूढ़िवादिता या भेदभाव के बारे में जागरूक किया) | BV41: i.अवलोकन के दौरान रूढ़िवादिता या भेदभाव की कोई घटना नहीं देखी गई। | BW41: ii.नहीं | CF41: i.TLM का उपयोग किया iii.समझ की जाँच (CFU) प्रश्न iv.गृहकार्य देना | CG41: 1 | CH41: 0 | CI41: 1 | CJ41: 1 | CK41: 0 | CL41: 1. नियमित रूप से बिना देरी के तुरंत जाँची जाती है। | CM41: 2.कुछ त्रुटियों की पहचान की जाती है, लेकिन सुधार के सुझाव नहीं दिये जाते हैं। | CN41: 1.कोई फीडबैक नहीं दिया गया। | CO41: 1.नोटबुक को साफ़ सुथरा रखने और प्रस्तुतिकरण पर कोई टिप्पणी या फीडबैक नहीं। | CP41: iii.50% से अधिक विद्यार्थी विषय-विशिष्ट नोटबुक में काम करते हैं। | CQ41: 23 | CR41: ii.नहीं | CV41: i.सभी तीन विद्यार्थी धाराप्रवाह के साथ पढ़ पा रहें हैं। | CW41: i.सभी तीन विद्यार्थी पढ़े हुए पैराग्राफ का कम से कम 70% समझ पा रहें हैं। | CX41: ii.किन्ही दो विद्यार्थियों ने बिना किसी त्रुटि के लिखा है। | GC41: हुक का बहुत प्रभावी ढंग से उपयोग किया गया है। कक्षा की नियमावली स्पष्ट रूप से प्रदर्शित है और साथ ही दिए गए निर्देश भी अत्यंत स्पष्ट और प्रभावशाली दिखाई दे रहे हैं। | GD41: टी.एल.एम. के रूप में प्रदर्शित सामग्री की पहुँच सभी बच्चों तक सुनिश्चित की जा सकती है। साथ ही, बच्चों के चिंतनशील विचारों और उनके गैर-शैक्षणिक कार्यों पर भी रचनात्मक प्रतिपुष्टि प्रदान की जा सकती है। | GE41: sanskrit teaching practices for non sanskrit teacher | GF41: Prayogik School from class 1 to 8 | GM41: 696272983 | GN41: ebf28ae2-3712-4175-9016-a7709d0ddff2 | GO41: 45896.388 | GR41: submitted_via_web | GT41: vVLoBVrPnDmiCZ8fxF6Nin | GV41: uuid:ebf28ae2-3712-4175-9016-a7709d0ddff2 | GW41: 40
A42: 45896.587 | B42: 45930.441 | H42: 45896 | I42: Alekh Tiwari | L42: No | M42: Rewa | N42: Rewa | O42: 23140107611 | S42: विज्ञान | U42: पुरुष | V42: Harish Rawat | W42: BP9874 | X42: नहीं | Y42: कक्षा 6 | Z42: 1 | AA42: 0 | AB42: 0 | AC42: 120 | AD42: 120 | AE42: 120 | AF42: Teaching | AG42: विज्ञान | AH42: 0 | AI42: 0 | AJ42: 0 | AK42: 0 | AL42: 0 | AM42: 0 | AN42: 1 | AO42: 0 | AP42: 0 | AR42: विज्ञान | AS42: 43 | AT42: 31 | AU42: ii.शिक्षक कक्षा में कुछ विद्यार्थियों से हाल-चाल पूछते हैं एवं स्वागत करते हैं और फिर पढ़ाना शुरू करते हैं। | AV42: i. व्याख्यान करते हैं। | AW42: 1 | AX42: 0 | AY42: 0 | AZ42: 0 | BA42: 0 | BC42: ii.10% - 40% विद्यार्थियों की सहभागिता है और शिक्षक ही अधिकांशतः बोल रहे हैं। | BD42: vi.इनमें से कोई नहीं देखा गया | BE42: 0 | BF42: 0 | BG42: 0 | BH42: 0 | BI42: 0 | BJ42: 1 | BK42: ii.शिक्षक केवल बंद-छोर वाले प्रश्न (close ended) पूछते हैं | BL42: ii.समय दिया गया, लेकिन दिया गया समय अपर्याप्त था। | BM42: i.शिक्षक अधिकांशत: प्रश्नों पर विद्यार्थियों से सामूहिक प्रतिक्रियाएँ लेते हैं। | BN42: i. अधिकांशतः हाँ/ना में सामूहिक उत्तर लेना | BO42: ii.शिक्षक स्वतंत्र कार्य के लिए विद्यार्थियों को समय देते हैं, लेकिन विद्यार्थियों के कार्य की जाँच करने और उनकी सहायता करने के लिए कक्षा में भ्रमण नहीं करते हैं। | BP42: i.शिक्षक विद्यार्थियों को समूह कार्य के अवसर प्रदान नहीं करते हैं। | BQ42: ii.नहीं | BS42: i.हाँ | BT42: i.कक्षा के नियम या दिनचर्या/रूटीन निर्धारित नहीं हैं। | BU42: iii.नहीं देखा गया (शिक्षक ने न तो रूढ़िवादिता या भेदभाव को बढ़ावा दिया/अभ्यास किया और न ही विद्यार्थियों को रूढ़िवादिता या भेदभाव के बारे में जागरूक किया) | BV42: i.अवलोकन के दौरान रूढ़िवादिता या भेदभाव की कोई घटना नहीं देखी गई। | BW42: ii.नहीं | CF42: v.उपरोक्त में से कोई भी नहीं | CG42: 0 | CH42: 0 | CI42: 0 | CJ42: 0 | CK42: 1 | CL42: 1. नियमित रूप से बिना देरी के तुरंत जाँची जाती है। | CM42: 2.कुछ त्रुटियों की पहचान की जाती है, लेकिन सुधार के सुझाव नहीं दिये जाते हैं। | CN42: 2.“अच्छा” या “ठीक है” जैसी सामान्य टिप्पणियाँ लिखी गईं। | CO42: 1.नोटबुक को साफ़ सुथरा रखने और प्रस्तुतिकरण पर कोई टिप्पणी या फीडबैक नहीं। | CP42: i.अवलोकन के दौरान विषय-विशिष्ट नोटबुक नहीं पायी गईं। | CQ42: 10 | CR42: i.हाँ | CS42: ii.अधिकतर पुराने (फटे या ऐसे जिनमें जानकारी स्पष्ट दिख नहीं रही) | CT42: i.अधिकतर विद्यार्थियों द्वारा बनाए गए | CU42: ii.कक्षा में मौजूद चार्ट/पोस्टर शैक्षणिक विषयों पर हैं, लेकिन कक्षा में शामिल/पढ़ाए नहीं जा रहे हैं। | CV42: ii.कोई दो विद्यार्थी धाराप्रवाह के साथ पढ़ पा रहें हैं। | CW42: ii.कोई दो विद्यार्थीपढ़े हुए पैराग्राफ का कम से कम 70% समझ पा रहें हैं। | CX42: iii.किसी एक विद्यार्थी ने बिना किसी त्रुटि के लिखा है। | GC42: बोर्ड वर्क अच्छा कर रहे थे। विज्ञान विषय के डायग्राम बनकर समझाइए जा रहे थे। | GD42: सामुहिक उत्तर नहीं लेना है। CFU करना,बच्चो को सामान अक्सर देना | GE42: NA | GM42: 696279472 | GN42: 5e795865-fceb-4262-a03d-d08e454b8c77 | GO42: 45896.398 | GR42: submitted_via_web | GT42: vVLoBVrPnDmiCZ8fxF6Nin | GV42: uuid:b33100f3-7050-4c10-a9ec-fe0420e042dd | GW42: 41
A43: 45896.611 | B43: 45896.657 | H43: 45896 | I43: Dharmendra Mishra | L43: Yes | M43: Sagar | N43: Sagar | O43: 23111014602 | P43: Sandhya Sahu | Q43: Social Science | R43: हाँ | U43: महिला | Y43: कक्षा 6 | Z43: 1 | AA43: 0 | AB43: 0 | AC43: 192 | AD43: 190 | AE43: 192 | AF43: Revision | AG43: सामाजिक विज्ञान | AH43: 0 | AI43: 0 | AJ43: 0 | AK43: 0 | AL43: 0 | AM43: 0 | AN43: 0 | AO43: 1 | AP43: 0 | AR43: हिन्दी | AS43: 24 | AT43: 14 | AU43: i.शिक्षक कक्षा की शुरुआत, बिना किसी भूमिका के सीधे पढ़ाने से शुरू कर देते हैं। | AV43: i. व्याख्यान करते हैं। iii. टीएलएम का उपयोग करते हैं (पाठ्यपुस्तक और ब्लैक/वाइट बोर्ड के अलावा) | AW43: 1 | AX43: 0 | AY43: 1 | AZ43: 0 | BA43: 0 | BC43: ii.10% - 40% विद्यार्थियों की सहभागिता है और शिक्षक ही अधिकांशतः बोल रहे हैं। | BD43: vi.इनमें से कोई नहीं देखा गया | BE43: 0 | BF43: 0 | BG43: 0 | BH43: 0 | BI43: 0 | BJ43: 1 | BK43: iii.शिक्षक बंद और खुले-छोर (close & open-ended questions) वाले प्रश्नों को मिश्रित रूप से पूछते हैं | BL43: i.कोई समय नहीं दिया गया, मुख्यतः तत्काल प्रतिक्रिया मांगी गई। | BM43: i.शिक्षक अधिकांशत: प्रश्नों पर विद्यार्थियों से सामूहिक प्रतिक्रियाएँ लेते हैं। | BN43: iii.हाँ, अधिकांशतः विद्यार्थियों का त्वरित आकलन (मौखिक या लिखित - जैसे सभी से कुछ सवाल या एक्ज़िट टिकिट) करते हुए उनके अलग अलग जवाब लिए गए| | BO43: i.शिक्षक स्वतंत्र कार्य के लिए विद्यार्थियों को समय नहीं देते हैं। | BP43: i.शिक्षक विद्यार्थियों को समूह कार्य के अवसर प्रदान नहीं करते हैं। | BQ43: ii.नहीं | BS43: i.हाँ | BT43: i.कक्षा के नियम या दिनचर्या/रूटीन निर्धारित नहीं हैं। | BU43: iii.नहीं देखा गया (शिक्षक ने न तो रूढ़िवादिता या भेदभाव को बढ़ावा दिया/अभ्यास किया और न ही विद्यार्थियों को रूढ़िवादिता या भेदभाव के बारे में जागरूक किया) | BV43: i.अवलोकन के दौरान रूढ़िवादिता या भेदभाव की कोई घटना नहीं देखी गई। | BW43: ii.नहीं | CF43: i.TLM का उपयोग किया iii.समझ की जाँच (CFU) प्रश्न iv.गृहकार्य देना | CG43: 1 | CH43: 0 | CI43: 1 | CJ43: 1 | CK43: 0 | CL43: 2. अनियमितता के साथ कभी कभी जाँची जाती है। | CM43: 2.कुछ त्रुटियों की पहचान की जाती है, लेकिन सुधार के सुझाव नहीं दिये जाते हैं। | CN43: 1.कोई फीडबैक नहीं दिया गया। | CO43: 1.नोटबुक को साफ़ सुथरा रखने और प्रस्तुतिकरण पर कोई टिप्पणी या फीडबैक नहीं। | CP43: i.अवलोकन के दौरान विषय-विशिष्ट नोटबुक नहीं पायी गईं। | CQ43: 13 | CR43: ii.नहीं | CV43: ii.कोई दो विद्यार्थी धाराप्रवाह के साथ पढ़ पा रहें हैं। | CW43: iii.कोई एक विद्यार्थी पढ़े हुए पैराग्राफ का कम से कम 70% समझ पा रहा है। | CX43: iii.किसी एक विद्यार्थी ने बिना किसी त्रुटि के लिखा है। | GC43: 1. आपने प्रश्न के अलग-अलग प्रकारों का संतुलित उपयोग करने का उत्कृष्ट प्रयास किया; कक्षा में पढ़ाते समय इसी तरह विद्यार्थियों द्वारा विचारों की अभिव्यक्ति एवं सक्रिय भागीदारी को बढ़ाते रहें। 2. आपका आकलन के माध्यम से सक्रिय रूप से समझ की जाँच करने का तरीका उत्कृष्ट हैं; समग्र शिक्षण सुनिश्चित करने के लिए इसी तरह जांच के तरीकों का उपयोग करते रहें। 3. एक पाठ को अच्छे से पढ़ाते समय उसमें विषय से संबंधित गतिविधियाँ, समझ की जांच के लिए प्रश्न, गृहकार्य जैसे घटकों को शामिल करने का आपका प्रयास अच्छा है इसे आगे भी जारी रखें। | GD43: 1. व्यवस्थित तरीके से पढ़ाने के लिए पाठ योजना का उपयोग करने पर विचार करें और पाठ के दौरान सभी प्रमुख शिक्षण बिंदु और गतिविधियाँ प्रभावी रूप से शामिल करना सुनिश्चित करें। 2. आपने पढ़ाते समय कुछ विद्यार्थियों को शामिल करने का अच्छा प्रयास किया; शिक्षण में अधिकतम विद्यार्थियों को शामिल करने के लिए आपको सहभागिता बढ़ाने के तरीकों को अपनाना चाहिए। (जैसे कोल्ड कालिंग, TPS, चर्चा आदि) 3. विद्यार्थियों के आत्मविश्वास और समझ/सीख को बढ़ाने के लिए उनसे प्रतिक्रिया लेने से पहले प्रश्न को समझने और जवाब सोचने के लिए स्पष्ट रूप से कह कर पर्याप्त समय देने पर विचार करें। | GE43: NA | GM43: 696300104 | GN43: 98bcceae-8e86-47ff-aaa3-971eb86b4440 | GO43: 45896.428 | GR43: submitted_via_web | GT43: vVLoBVrPnDmiCZ8fxF6Nin | GV43: uuid:98bcceae-8e86-47ff-aaa3-971eb86b4440 | GW43: 42
A44: 45896.657 | B44: 46058.654 | H44: 45896 | I44: Dharmendra Mishra | L44: Yes | M44: Chhatarpur | N44: Ishanagaar | O44: 23090509502 | P44: af6765 | Q44: maths157 | R44: हाँ | U44: पुरुष | Y44: कक्षा 7 कक्षा 8 | Z44: 0 | AA44: 1 | AB44: 1 | AC44: 228 | AD44: 228 | AE44: 226 | AF44: Teaching | AG44: अन्य | AH44: 0 | AI44: 0 | AJ44: 0 | AK44: 0 | AL44: 0 | AM44: 0 | AN44: 0 | AO44: 0 | AP44: 1 | AQ44: NA | AR44: गणित | AS44: 32 | AT44: 24 | AU44: i.शिक्षक कक्षा की शुरुआत, बिना किसी भूमिका के सीधे पढ़ाने से शुरू कर देते हैं। | AV44: i. व्याख्यान करते हैं। ii. विद्यार्थियों से पाठ के कुछ हिस्सों को पढ़ने के लिए कहते हैं। | AW44: 1 | AX44: 1 | AY44: 0 | AZ44: 0 | BA44: 0 | BC44: iii.40% या उससे अधिक (अपेक्षा अनुरूप) विद्यार्थियों की सहभागिता है। | BD44: vi.इनमें से कोई नहीं देखा गया | BE44: 0 | BF44: 0 | BG44: 0 | BH44: 0 | BI44: 0 | BJ44: 1 | BK44: iii.शिक्षक बंद और खुले-छोर (close & open-ended questions) वाले प्रश्नों को मिश्रित रूप से पूछते हैं | BL44: iii.समय दिया गया और अधिकांशतः सोचने के लिए पर्याप्त था। | BM44: i.शिक्षक अधिकांशत: प्रश्नों पर विद्यार्थियों से सामूहिक प्रतिक्रियाएँ लेते हैं। | BN44: i. अधिकांशतः हाँ/ना में सामूहिक उत्तर लेना | BO44: ii.शिक्षक स्वतंत्र कार्य के लिए विद्यार्थियों को समय देते हैं, लेकिन विद्यार्थियों के कार्य की जाँच करने और उनकी सहायता करने के लिए कक्षा में भ्रमण नहीं करते हैं। | BP44: i.शिक्षक विद्यार्थियों को समूह कार्य के अवसर प्रदान नहीं करते हैं। | BQ44: ii.नहीं | BS44: i.हाँ | BT44: i.कक्षा के नियम या दिनचर्या/रूटीन निर्धारित नहीं हैं। | BU44: iii.नहीं देखा गया (शिक्षक ने न तो रूढ़िवादिता या भेदभाव को बढ़ावा दिया/अभ्यास किया और न ही विद्यार्थियों को रूढ़िवादिता या भेदभाव के बारे में जागरूक किया) | BV44: i.अवलोकन के दौरान रूढ़िवादिता या भेदभाव की कोई घटना नहीं देखी गई। | BW44: ii.नहीं | CF44: iii.समझ की जाँच (CFU) प्रश्न iv.गृहकार्य देना | CG44: 0 | CH44: 0 | CI44: 1 | CJ44: 1 | CK44: 0 | CL44: 2. अनियमितता के साथ कभी कभी जाँची जाती है। | CM44: 2.कुछ त्रुटियों की पहचान की जाती है, लेकिन सुधार के सुझाव नहीं दिये जाते हैं। | CN44: 1.कोई फीडबैक नहीं दिया गया। | CO44: 1.नोटबुक को साफ़ सुथरा रखने और प्रस्तुतिकरण पर कोई टिप्पणी या फीडबैक नहीं। | CP44: i.अवलोकन के दौरान विषय-विशिष्ट नोटबुक नहीं पायी गईं। | CQ44: 22 | CR44: ii.नहीं | CV44: i.सभी तीन विद्यार्थी धाराप्रवाह के साथ पढ़ पा रहें हैं। | CW44: i.सभी तीन विद्यार्थी पढ़े हुए पैराग्राफ का कम से कम 70% समझ पा रहें हैं। | CX44: ii.किन्ही दो विद्यार्थियों ने बिना किसी त्रुटि के लिखा है। | GC44: 1. कक्षा में विद्यार्थियों की सक्रिय भागीदारी और सहभागिता को बढ़ावा देने में आप बहुत बढ़िया काम कर रहे हैं; इसी तरह सीखने के परस्पर संवादात्मक (इंटरैक्टिव) वातावरण को बढ़ावा देते रहें। 2. आपने प्रश्न के अलग-अलग प्रकारों का संतुलित उपयोग करने का उत्कृष्ट प्रयास किया; कक्षा में पढ़ाते समय इसी तरह विद्यार्थियों द्वारा विचारों की अभिव्यक्ति एवं सक्रिय भागीदारी को बढ़ाते रहें। 3. आपका विद्यार्थियों को सोचने और जवाब देने के लिए पर्याप्त समय देने का प्रयास बहुत उत्कृष्ट है; इसी तरह विद्यार्थियों को गहराई से चिंतन करने के वातावरण को बढ़ावा देते रहें। | GD44: 1. सभी विद्यार्थियों की सक्रिय भागीदारी सुनिश्चित करने और उन्हें व्यक्तिगत रूप से समझने के लिए प्रत्येक विद्यार्थी को प्रतिक्रिया देने के अवसर प्रदान करें साथ ही छात्रों को इसके लिए प्रोत्साहित करें। 2. विद्यार्थियों में आपस में सीखने और मिलकर समस्या-समाधान को प्रोत्साहित करने के लिए जोड़े या समूह में गतिविधि करना शामिल करें । जैसे - थिंक पेयर-शेयर, समूह कार्य आदि। 3. व्यवस्थित तरीके से पढ़ाने के लिए पाठ योजना का उपयोग करने पर विचार करें और पाठ के दौरान सभी प्रमुख शिक्षण बिंदु और गतिविधियाँ प्रभावी रूप से शामिल करना सुनिश्चित करें। | GE44: NA | GM44: 696313594 | GN44: bed864d7-ac2e-4f19-9e8f-90088b28a2e2 | GO44: 45896.447 | GR44: submitted_via_web | GT44: vVLoBVrPnDmiCZ8fxF6Nin | GV44: uuid:e8a14afc-9251-4853-88d4-a03837faf23b | GW44: 43
A45: 45896.676 | B45: 45896.683 | H45: 45896 | I45: Dharmendra Mishra | L45: No | M45: Chhatarpur | N45: Ishanagaar | O45: 22390501401 | S45: गणित | U45: पुरुष | V45: Pradeep Dubey | W45: AF7115 | X45: नहीं | Y45: कक्षा 7 | Z45: 0 | AA45: 1 | AB45: 0 | AC45: 324 | AD45: 156 | AE45: 155 | AF45: Revision | AG45: अन्य | AH45: 0 | AI45: 0 | AJ45: 0 | AK45: 0 | AL45: 0 | AM45: 0 | AN45: 0 | AO45: 0 | AP45: 1 | AQ45: NA | AR45: विज्ञान | AS45: 50 | AT45: 33 | AU45: i.शिक्षक कक्षा की शुरुआत, बिना किसी भूमिका के सीधे पढ़ाने से शुरू कर देते हैं। | AV45: i. व्याख्यान करते हैं। ii. विद्यार्थियों से पाठ के कुछ हिस्सों को पढ़ने के लिए कहते हैं। | AW45: 1 | AX45: 1 | AY45: 0 | AZ45: 0 | BA45: 0 | BC45: ii.10% - 40% विद्यार्थियों की सहभागिता है और शिक्षक ही अधिकांशतः बोल रहे हैं। | BD45: vi.इनमें से कोई नहीं देखा गया | BE45: 0 | BF45: 0 | BG45: 0 | BH45: 0 | BI45: 0 | BJ45: 1 | BK45: ii.शिक्षक केवल बंद-छोर वाले प्रश्न (close ended) पूछते हैं | BL45: i.कोई समय नहीं दिया गया, मुख्यतः तत्काल प्रतिक्रिया मांगी गई। | BM45: ii.शिक्षक अधिकांशत: प्रश्नों पर उन विद्यार्थियों से प्रतिक्रियाएँ लेते हैं जो हाथ उठाते हैं/ कुछ विद्यार्थियों से ही उत्तर लेते हैं । | BN45: iii.हाँ, अधिकांशतः विद्यार्थियों का त्वरित आकलन (मौखिक या लिखित - जैसे सभी से कुछ सवाल या एक्ज़िट टिकिट) करते हुए उनके अलग अलग जवाब लिए गए| | BO45: ii.शिक्षक स्वतंत्र कार्य के लिए विद्यार्थियों को समय देते हैं, लेकिन विद्यार्थियों के कार्य की जाँच करने और उनकी सहायता करने के लिए कक्षा में भ्रमण नहीं करते हैं। | BP45: i.शिक्षक विद्यार्थियों को समूह कार्य के अवसर प्रदान नहीं करते हैं। | BQ45: ii.नहीं | BS45: i.हाँ | BT45: i.कक्षा के नियम या दिनचर्या/रूटीन निर्धारित नहीं हैं। | BU45: iii.नहीं देखा गया (शिक्षक ने न तो रूढ़िवादिता या भेदभाव को बढ़ावा दिया/अभ्यास किया और न ही विद्यार्थियों को रूढ़िवादिता या भेदभाव के बारे में जागरूक किया) | BV45: i.अवलोकन के दौरान रूढ़िवादिता या भेदभाव की कोई घटना नहीं देखी गई। | BW45: ii.नहीं | CF45: iii.समझ की जाँच (CFU) प्रश्न iv.गृहकार्य देना | CG45: 0 | CH45: 0 | CI45: 1 | CJ45: 1 | CK45: 0 | CL45: 2. अनियमितता के साथ कभी कभी जाँची जाती है। | CM45: 2.कुछ त्रुटियों की पहचान की जाती है, लेकिन सुधार के सुझाव नहीं दिये जाते हैं। | CN45: 1.कोई फीडबैक नहीं दिया गया। | CO45: 1.नोटबुक को साफ़ सुथरा रखने और प्रस्तुतिकरण पर कोई टिप्पणी या फीडबैक नहीं। | CP45: i.अवलोकन के दौरान विषय-विशिष्ट नोटबुक नहीं पायी गईं। | CQ45: 25 | CR45: i.हाँ | CS45: ii.अधिकतर पुराने (फटे या ऐसे जिनमें जानकारी स्पष्ट दिख नहीं रही) | CT45: i.अधिकतर विद्यार्थियों द्वारा बनाए गए | CU45: iii.चार्ट/पोस्टर कक्षा से संबंधित हैं (उदाहरण के लिए कक्षा के नियम/जन्मदिन/समय-सारणी) लेकिन पढ़ाए जा रहे विषयों से प्रासंगिक नहीं हैं।) | CV45: i.सभी तीन विद्यार्थी धाराप्रवाह के साथ पढ़ पा रहें हैं। | CW45: i.सभी तीन विद्यार्थी पढ़े हुए पैराग्राफ का कम से कम 70% समझ पा रहें हैं। | CX45: i.सभी तीन विद्यार्थियों ने बिना किसी त्रुटि के लिखा है। | GC45: 1. सभी विद्यार्थियों के लिए समावेशी और सम्मानजनक सीखने के वातावरण को बढ़ावा देने के लिए रूढ़िवादिता और भेदभाव के मुद्दों पर सजगता के साथ ध्यान दे, बातचीत करें एवं उनकी समझ बनाएं। 2. अलग-अलग शिक्षण आवश्यकताओं को पूरा करने के लिए विविध शिक्षण विधियों/तरीकों का उत्कृष्ट उपयोग किया जा रहा है; समग्र सीख और सहभागिता आधारित शिक्षण को इसी तरह जारी रखें। 3. आपका आकलन के माध्यम से सक्रिय रूप से समझ की जाँच करने का तरीका उत्कृष्ट हैं; समग्र शिक्षण सुनिश्चित करने के लिए इसी तरह जांच के तरीकों का उपयोग करते रहें। | GD45: 1. आपका स्वेच्छा से उत्तर देने वाले विद्यार्थियों पर ध्यान देना या उन्हें संबोधित करना/उत्तर प्राप्त करना एक अच्छा तरीका है; हालांकि कक्षा में विद्यार्थियों के बड़े समूह को शिक्षण प्रक्रिया में शामिल करने के लिए विद्यार्थियों का चयन अनियमित या रेन्डम आधार पर करें इसके लिए कोल्ड कालिंग का उपयोग कर सकते हैं। 2. विद्यार्थियों में आपस में सीखने और मिलकर समस्या-समाधान को प्रोत्साहित करने के लिए जोड़े या समूह में गतिविधि करना शामिल करें । जैसे - थिंक पेयर-शेयर, समूह कार्य आदि। 3. व्यवस्थित तरीके से पढ़ाने के लिए पाठ योजना का उपयोग करने पर विचार करें और पाठ के दौरान सभी प्रमुख शिक्षण बिंदु और गतिविधियाँ प्रभावी रूप से शामिल करना सुनिश्चित करें। | GE45: NA | GM45: 696318485 | GN45: 6a5815af-5650-4a84-9bf8-a1765b5aba89 | GO45: 45896.454 | GR45: submitted_via_web | GT45: vVLoBVrPnDmiCZ8fxF6Nin | GV45: uuid:6a5815af-5650-4a84-9bf8-a1765b5aba89 | GW45: 44
A46: 45896.556 | B46: 45896.685 | H46: 45896 | I46: Aishwarya Yadav | L46: No | M46: Bhopal | N46: Phanda Urban New | O46: 23320303305 | S46: गणित | U46: महिला | V46: Malti Pawar | W46: AE5229 | X46: नहीं | Y46: कक्षा 7 | Z46: 0 | AA46: 1 | AB46: 0 | AC46: 216 | AD46: 216 | AE46: 216 | AF46: Teaching | AG46: गणित सामाजिक विज्ञान | AH46: 0 | AI46: 0 | AJ46: 0 | AK46: 0 | AL46: 0 | AM46: 1 | AN46: 0 | AO46: 1 | AP46: 0 | AR46: गणित | AS46: 66 | AT46: 35 | AU46: i.शिक्षक कक्षा की शुरुआत, बिना किसी भूमिका के सीधे पढ़ाने से शुरू कर देते हैं। | AV46: i. व्याख्यान करते हैं। | AW46: 1 | AX46: 0 | AY46: 0 | AZ46: 0 | BA46: 0 | BC46: iii.40% या उससे अधिक (अपेक्षा अनुरूप) विद्यार्थियों की सहभागिता है। | BD46: vi.इनमें से कोई नहीं देखा गया | BE46: 0 | BF46: 0 | BG46: 0 | BH46: 0 | BI46: 0 | BJ46: 1 | BK46: ii.शिक्षक केवल बंद-छोर वाले प्रश्न (close ended) पूछते हैं | BL46: iii.समय दिया गया और अधिकांशतः सोचने के लिए पर्याप्त था। | BM46: ii.शिक्षक अधिकांशत: प्रश्नों पर उन विद्यार्थियों से प्रतिक्रियाएँ लेते हैं जो हाथ उठाते हैं/ कुछ विद्यार्थियों से ही उत्तर लेते हैं । | BN46: i. अधिकांशतः हाँ/ना में सामूहिक उत्तर लेना | BO46: iv.शिक्षक स्वतंत्र कार्य के लिए विद्यार्थियों को समय देते हैं और विद्यार्थियों के कार्य की जाँच करने और उनकी सहायता करने के लिए कक्षा में भ्रमण भी करते हैं। | BP46: i.शिक्षक विद्यार्थियों को समूह कार्य के अवसर प्रदान नहीं करते हैं। | BQ46: i.हाँ (यदि हाँ, तो कृपया यहाँ उदाहरण का विवरण दें) | BR46: विद्यार्थी के स्वतंत्र कार्य न करने पर शिक्षक हाथ से द्वारा पीठ पर मारा गया | BS46: ii.नहीं | BT46: i.कक्षा के नियम या दिनचर्या/रूटीन निर्धारित नहीं हैं। | BU46: iii.नहीं देखा गया (शिक्षक ने न तो रूढ़िवादिता या भेदभाव को बढ़ावा दिया/अभ्यास किया और न ही विद्यार्थियों को रूढ़िवादिता या भेदभाव के बारे में जागरूक किया) | BV46: i.अवलोकन के दौरान रूढ़िवादिता या भेदभाव की कोई घटना नहीं देखी गई। | BW46: ii.नहीं | CF46: v.उपरोक्त में से कोई भी नहीं | CG46: 0 | CH46: 0 | CI46: 0 | CJ46: 0 | CK46: 1 | CL46: 2. अनियमितता के साथ कभी कभी जाँची जाती है। | CM46: 3.अधिकांश त्रुटियों की पहचान की जाती है और उन्हें सुधारा जाता है। | CN46: 2.“अच्छा” या “ठीक है” जैसी सामान्य टिप्पणियाँ लिखी गईं। | CO46: 1.नोटबुक को साफ़ सुथरा रखने और प्रस्तुतिकरण पर कोई टिप्पणी या फीडबैक नहीं। | CP46: iii.50% से अधिक विद्यार्थी विषय-विशिष्ट नोटबुक में काम करते हैं। | CQ46: 25 | CR46: ii.नहीं | CV46: ii.कोई दो विद्यार्थी धाराप्रवाह के साथ पढ़ पा रहें हैं। | CW46: iii.कोई एक विद्यार्थी पढ़े हुए पैराग्राफ का कम से कम 70% समझ पा रहा है। | CX46: iii.किसी एक विद्यार्थी ने बिना किसी त्रुटि के लिखा है। | GC46: 1. प्रैक्टिस question diye gaye hain, class work regularly diya ja raha hai, बच्चों को कार्य करने का समय दिया गया | GD46: कोल्ड कॉलिंग का उपयोग किया जा सकता है। थिंक पेयर शेयर करवा सकते हैं। स्वयं और साथी का आकलन किया जा सकता है | GE46: NA | GM46: 696319935 | GN46: c49fa0f2-7777-4613-ada3-79a5b785a350 | GO46: 45896.456 | GR46: submitted_via_web | GT46: vVLoBVrPnDmiCZ8fxF6Nin | GV46: uuid:c49fa0f2-7777-4613-ada3-79a5b785a350 | GW46: 45
A47: 45896.627 | B47: 45896.688 | H47: 45896 | I47: Alekh Tiwari | L47: Yes | M47: Rewa | N47: Rewa | O47: 23140121509 | P47: Manorama Mishra | Q47: Science | R47: हाँ | U47: महिला | Y47: कक्षा 8 | Z47: 0 | AA47: 0 | AB47: 1 | AC47: 288 | AD47: 120 | AE47: 120 | AF47: Revision | AG47: विज्ञान | AH47: 0 | AI47: 0 | AJ47: 0 | AK47: 0 | AL47: 0 | AM47: 0 | AN47: 1 | AO47: 0 | AP47: 0 | AR47: विज्ञान | AS47: 22 | AT47: 15 | AU47: iii.शिक्षक कक्षा की शरुआत रोचक तरीके से हुक तकनीक के उपयोग से करते है (हुक: एक तकनीक जो विद्यार्थियों को आकर्षित करने के लिए पाठ का परिचय कहानी, वस्तुओं, तथ्य और प्रश्नों के माध्यम से किया जाता है। यह 30 सेकण्ड से 3 मिनट का एक छोटा भाग होता है।) | AV47: iii. टीएलएम का उपयोग करते हैं (पाठ्यपुस्तक और ब्लैक/वाइट बोर्ड के अलावा) iv. गतिविधि या खेल | AW47: 0 | AX47: 0 | AY47: 1 | AZ47: 1 | BA47: 0 | BC47: iii.40% या उससे अधिक (अपेक्षा अनुरूप) विद्यार्थियों की सहभागिता है। | BD47: i.हुक का प्रयोग v.विद्यार्थी के कार्यों (अकादमिक/गैर अकादमिक) पर रचनात्मक फीडबैक (Constructive Feedback) | BE47: 1 | BF47: 0 | BG47: 0 | BH47: 0 | BI47: 1 | BJ47: 0 | BK47: iii.शिक्षक बंद और खुले-छोर (close & open-ended questions) वाले प्रश्नों को मिश्रित रूप से पूछते हैं | BL47: ii.समय दिया गया, लेकिन दिया गया समय अपर्याप्त था। | BM47: ii.शिक्षक अधिकांशत: प्रश्नों पर उन विद्यार्थियों से प्रतिक्रियाएँ लेते हैं जो हाथ उठाते हैं/ कुछ विद्यार्थियों से ही उत्तर लेते हैं । | BN47: iv.समझ की जांच नहीं की गई | BO47: i.शिक्षक स्वतंत्र कार्य के लिए विद्यार्थियों को समय नहीं देते हैं। | BP47: i.शिक्षक विद्यार्थियों को समूह कार्य के अवसर प्रदान नहीं करते हैं। | BQ47: ii.नहीं | BS47: i.हाँ | BT47: ii.कक्षा के नियम या दिनचर्या/ रूटीन निर्धारित हैं, लेकिन नियमित रूप से सुदृढ़ नहीं किए जाते हैं (आवश्यकता होने पर भी)। | BU47: iii.नहीं देखा गया (शिक्षक ने न तो रूढ़िवादिता या भेदभाव को बढ़ावा दिया/अभ्यास किया और न ही विद्यार्थियों को रूढ़िवादिता या भेदभाव के बारे में जागरूक किया) | BV47: i.अवलोकन के दौरान रूढ़िवादिता या भेदभाव की कोई घटना नहीं देखी गई। | BW47: ii.नहीं | CF47: i.TLM का उपयोग किया ii.विषय से संबंधित गतिविधियाँ iv.गृहकार्य देना | CG47: 1 | CH47: 1 | CI47: 0 | CJ47: 1 | CK47: 0 | CL47: 1. नियमित रूप से बिना देरी के तुरंत जाँची जाती है। | CM47: 3.अधिकांश त्रुटियों की पहचान की जाती है और उन्हें सुधारा जाता है। | CN47: 2.“अच्छा” या “ठीक है” जैसी सामान्य टिप्पणियाँ लिखी गईं। | CO47: 1.नोटबुक को साफ़ सुथरा रखने और प्रस्तुतिकरण पर कोई टिप्पणी या फीडबैक नहीं। | CP47: i.अवलोकन के दौरान विषय-विशिष्ट नोटबुक नहीं पायी गईं। | CQ47: 6 | CR47: i.हाँ | CS47: ii.अधिकतर पुराने (फटे या ऐसे जिनमें जानकारी स्पष्ट दिख नहीं रही) | CT47: i.अधिकतर विद्यार्थियों द्वारा बनाए गए | CU47: iii.चार्ट/पोस्टर कक्षा से संबंधित हैं (उदाहरण के लिए कक्षा के नियम/जन्मदिन/समय-सारणी) लेकिन पढ़ाए जा रहे विषयों से प्रासंगिक नहीं हैं।) | CV47: ii.कोई दो विद्यार्थी धाराप्रवाह के साथ पढ़ पा रहें हैं। | CW47: iii.कोई एक विद्यार्थी पढ़े हुए पैराग्राफ का कम से कम 70% समझ पा रहा है। | CX47: ii.किन्ही दो विद्यार्थियों ने बिना किसी त्रुटि के लिखा है। | GC47: विषय से संबंधित हक से रुचिकर शुरुआत करना ओर गतिविधि करवाना बच्चो कोड समान अवसर देना | GD47: CRU करना, सकारात्मक फीडबैक देना, होम वर्क चेक करना | GE47: NA | GM47: 696321607 | GN47: d9882fd5-39b7-4078-87f6-fb0f246ee0b4 | GO47: 45896.459 | GR47: submitted_via_web | GT47: vVLoBVrPnDmiCZ8fxF6Nin | GV47: uuid:d9882fd5-39b7-4078-87f6-fb0f246ee0b4 | GW47: 46
A48: 45896.688 | B48: 45896.697 | H48: 45896 | I48: Alekh Tiwari | L48: No | M48: Rewa | N48: Rewa | O48: 23170121509 | S48: इंग्लिश | U48: महिला | V48: Manu Singh | W48: CC3059 | X48: नहीं | Y48: कक्षा 6 | Z48: 1 | AA48: 0 | AB48: 0 | AC48: 60 | AD48: 60 | AE48: 60 | AF48: Teaching | AG48: इंग्लिश | AH48: 0 | AI48: 1 | AJ48: 0 | AK48: 0 | AL48: 0 | AM48: 0 | AN48: 0 | AO48: 0 | AP48: 0 | AR48: इंग्लिश | AS48: 13 | AT48: 10 | AU48: i.शिक्षक कक्षा की शुरुआत, बिना किसी भूमिका के सीधे पढ़ाने से शुरू कर देते हैं। | AV48: i. व्याख्यान करते हैं। | AW48: 1 | AX48: 0 | AY48: 0 | AZ48: 0 | BA48: 0 | BC48: i.10 % से कम विद्यार्थियों की सहभागिता है और अधिकांशतः शिक्षक ही बोल रहे हैं। | BD48: vi.इनमें से कोई नहीं देखा गया | BE48: 0 | BF48: 0 | BG48: 0 | BH48: 0 | BI48: 0 | BJ48: 1 | BK48: ii.शिक्षक केवल बंद-छोर वाले प्रश्न (close ended) पूछते हैं | BL48: i.कोई समय नहीं दिया गया, मुख्यतः तत्काल प्रतिक्रिया मांगी गई। | BM48: i.शिक्षक अधिकांशत: प्रश्नों पर विद्यार्थियों से सामूहिक प्रतिक्रियाएँ लेते हैं। | BN48: i. अधिकांशतः हाँ/ना में सामूहिक उत्तर लेना | BO48: ii.शिक्षक स्वतंत्र कार्य के लिए विद्यार्थियों को समय देते हैं, लेकिन विद्यार्थियों के कार्य की जाँच करने और उनकी सहायता करने के लिए कक्षा में भ्रमण नहीं करते हैं। | BP48: i.शिक्षक विद्यार्थियों को समूह कार्य के अवसर प्रदान नहीं करते हैं। | BQ48: ii.नहीं | BS48: i.हाँ | BT48: i.कक्षा के नियम या दिनचर्या/रूटीन निर्धारित नहीं हैं। | BU48: iii.नहीं देखा गया (शिक्षक ने न तो रूढ़िवादिता या भेदभाव को बढ़ावा दिया/अभ्यास किया और न ही विद्यार्थियों को रूढ़िवादिता या भेदभाव के बारे में जागरूक किया) | BV48: i.अवलोकन के दौरान रूढ़िवादिता या भेदभाव की कोई घटना नहीं देखी गई। | BW48: ii.नहीं | CF48: v.उपरोक्त में से कोई भी नहीं | CG48: 0 | CH48: 0 | CI48: 0 | CJ48: 0 | CK48: 1 | CL48: 2. अनियमितता के साथ कभी कभी जाँची जाती है। | CM48: 2.कुछ त्रुटियों की पहचान की जाती है, लेकिन सुधार के सुझाव नहीं दिये जाते हैं। | CN48: 1.कोई फीडबैक नहीं दिया गया। | CO48: 1.नोटबुक को साफ़ सुथरा रखने और प्रस्तुतिकरण पर कोई टिप्पणी या फीडबैक नहीं। | CP48: iii.50% से अधिक विद्यार्थी विषय-विशिष्ट नोटबुक में काम करते हैं। | CQ48: 3 | CR48: i.हाँ | CS48: ii.अधिकतर पुराने (फटे या ऐसे जिनमें जानकारी स्पष्ट दिख नहीं रही) | CT48: i.अधिकतर विद्यार्थियों द्वारा बनाए गए | CU48: iii.चार्ट/पोस्टर कक्षा से संबंधित हैं (उदाहरण के लिए कक्षा के नियम/जन्मदिन/समय-सारणी) लेकिन पढ़ाए जा रहे विषयों से प्रासंगिक नहीं हैं।) | CV48: iii.कोई एक विद्यार्थी धाराप्रवाह के साथ पढ़ पा रहा है। | CW48: iv. कोई भी विद्यार्थी पढ़े हुए पैराग्राफ का कम से कम 70% नही समझ पा रहा है। | CX48: iv.कोई विद्यार्थी नहीं लिख पाया या लेखन में त्रुटि है। | GC48: बच्चों को व्यक्तिगत कार्य देना, सकारात्मक भाषा का योग करना | GD48: सामुहिक उत्तर न लेकर समय देकर उत्तर लेना,CFU करना प्रश्न अच्छे पूछा | GE48: NA | GM48: 696327518 | GN48: 12ceb0a5-17b8-492d-b5b2-e995c4d57151 | GO48: 45896.468 | GR48: submitted_via_web | GT48: vVLoBVrPnDmiCZ8fxF6Nin | GV48: uuid:12ceb0a5-17b8-492d-b5b2-e995c4d57151 | GW48: 47
A49: 45896.685 | B49: 45896.704 | H49: 45896 | I49: Aishwarya Yadav | L49: No | M49: Bhopal | N49: Phanda Urban New | O49: 23320301711 | S49: गणित | U49: पुरुष | V49: जितेंद्र चौहान | W49: BQ8584 | X49: हाँ | Y49: कक्षा 7 | Z49: 0 | AA49: 1 | AB49: 0 | AC49: 216 | AD49: 216 | AE49: 216 | AF49: Teaching | AG49: गणित अन्य | AH49: 0 | AI49: 0 | AJ49: 0 | AK49: 0 | AL49: 0 | AM49: 1 | AN49: 0 | AO49: 0 | AP49: 1 | AR49: गणित | AS49: 67 | AT49: 35 | AU49: ii.शिक्षक कक्षा में कुछ विद्यार्थियों से हाल-चाल पूछते हैं एवं स्वागत करते हैं और फिर पढ़ाना शुरू करते हैं। | AV49: ii. विद्यार्थियों से पाठ के कुछ हिस्सों को पढ़ने के लिए कहते हैं। | AW49: 0 | AX49: 1 | AY49: 0 | AZ49: 0 | BA49: 0 | BC49: ii.10% - 40% विद्यार्थियों की सहभागिता है और शिक्षक ही अधिकांशतः बोल रहे हैं। | BD49: i.हुक का प्रयोग | BE49: 1 | BF49: 0 | BG49: 0 | BH49: 0 | BI49: 0 | BJ49: 0 | BK49: ii.शिक्षक केवल बंद-छोर वाले प्रश्न (close ended) पूछते हैं | BL49: iii.समय दिया गया और अधिकांशतः सोचने के लिए पर्याप्त था। | BM49: i.शिक्षक अधिकांशत: प्रश्नों पर विद्यार्थियों से सामूहिक प्रतिक्रियाएँ लेते हैं। | BN49: i. अधिकांशतः हाँ/ना में सामूहिक उत्तर लेना | BO49: ii.शिक्षक स्वतंत्र कार्य के लिए विद्यार्थियों को समय देते हैं, लेकिन विद्यार्थियों के कार्य की जाँच करने और उनकी सहायता करने के लिए कक्षा में भ्रमण नहीं करते हैं। | BP49: ii.शिक्षक समूह में सीखने के अवसर प्रदान करते हैं, लेकिन विद्यार्थियों के कार्य की जाँच करने और उनकी सहायता हेतु कक्षा में भ्रमण नहीं करते हैं। | BQ49: ii.नहीं | BS49: ii.नहीं | BT49: i.कक्षा के नियम या दिनचर्या/रूटीन निर्धारित नहीं हैं। | BU49: iii.नहीं देखा गया (शिक्षक ने न तो रूढ़िवादिता या भेदभाव को बढ़ावा दिया/अभ्यास किया और न ही विद्यार्थियों को रूढ़िवादिता या भेदभाव के बारे में जागरूक किया) | BV49: i.अवलोकन के दौरान रूढ़िवादिता या भेदभाव की कोई घटना नहीं देखी गई। | BW49: ii.नहीं | CF49: iv.गृहकार्य देना | CG49: 0 | CH49: 0 | CI49: 0 | CJ49: 1 | CK49: 0 | CL49: 2. अनियमितता के साथ कभी कभी जाँची जाती है। | CM49: 1.त्रुटियों की न तो पहचान की जाती है और न ही उन्हें सुधारा जाता है। | CN49: 1.कोई फीडबैक नहीं दिया गया। | CO49: 1.नोटबुक को साफ़ सुथरा रखने और प्रस्तुतिकरण पर कोई टिप्पणी या फीडबैक नहीं। | CP49: iii.50% से अधिक विद्यार्थी विषय-विशिष्ट नोटबुक में काम करते हैं। | CQ49: 31 | CR49: ii.नहीं | CV49: ii.कोई दो विद्यार्थी धाराप्रवाह के साथ पढ़ पा रहें हैं। | CW49: i.सभी तीन विद्यार्थी पढ़े हुए पैराग्राफ का कम से कम 70% समझ पा रहें हैं। | CX49: iii.किसी एक विद्यार्थी ने बिना किसी त्रुटि के लिखा है। | GC49: बोर्ड पर चित्र बनाकर समझाया गया। | GD49: बच्चों को एंगेज करने के लिए अटेंशन ग्रैबर का उपयोग किया जा सकता है। कोल्ड कॉलिंग का उपयोग प्रश्न पूछने के लिए किया सकता है। | GE49: NA | GM49: 696332647 | GN49: 6ab5ab16-2224-4c91-b280-fae9e278d2b2 | GO49: 45896.475 | GR49: submitted_via_web | GT49: vVLoBVrPnDmiCZ8fxF6Nin | GV49: uuid:6ab5ab16-2224-4c91-b280-fae9e278d2b2 | GW49: 48
A50: 45896.704 | B50: 45896.712 | H50: 45896 | I50: Aishwarya Yadav | L50: No | M50: Narmadapuram | N50: Kesla | O50: 23370409502 | S50: गणित | U50: पुरुष | V50: प्रद्युम्न मिश्रा | W50: AM1493 | X50: हाँ | Y50: कक्षा 6 | Z50: 1 | AA50: 0 | AB50: 0 | AC50: 216 | AD50: 216 | AE50: 216 | AF50: Teaching | AG50: गणित विज्ञान | AH50: 0 | AI50: 0 | AJ50: 0 | AK50: 0 | AL50: 0 | AM50: 1 | AN50: 1 | AO50: 0 | AP50: 0 | AR50: गणित | AS50: 8 | AT50: 5 | AU50: ii.शिक्षक कक्षा में कुछ विद्यार्थियों से हाल-चाल पूछते हैं एवं स्वागत करते हैं और फिर पढ़ाना शुरू करते हैं। | AV50: iii. टीएलएम का उपयोग करते हैं (पाठ्यपुस्तक और ब्लैक/वाइट बोर्ड के अलावा) | AW50: 0 | AX50: 0 | AY50: 1 | AZ50: 0 | BA50: 0 | BC50: iii.40% या उससे अधिक (अपेक्षा अनुरूप) विद्यार्थियों की सहभागिता है। | BD50: ii.थिंक पेयर शेयर v.विद्यार्थी के कार्यों (अकादमिक/गैर अकादमिक) पर रचनात्मक फीडबैक (Constructive Feedback) | BE50: 0 | BF50: 1 | BG50: 0 | BH50: 0 | BI50: 1 | BJ50: 0 | BK50: ii.शिक्षक केवल बंद-छोर वाले प्रश्न (close ended) पूछते हैं | BL50: iii.समय दिया गया और अधिकांशतः सोचने के लिए पर्याप्त था। | BM50: iii.शिक्षक अधिकांशत: प्रश्नों पर प्रतिक्रिया हेतु रेन्डम/बिना किसी क्रम के प्रश्न पूछने की तकनीक का उपयोग करते हैं (जैसे कोल्ड कॉलिंग)। | BN50: iii.हाँ, अधिकांशतः विद्यार्थियों का त्वरित आकलन (मौखिक या लिखित - जैसे सभी से कुछ सवाल या एक्ज़िट टिकिट) करते हुए उनके अलग अलग जवाब लिए गए| | BO50: iv.शिक्षक स्वतंत्र कार्य के लिए विद्यार्थियों को समय देते हैं और विद्यार्थियों के कार्य की जाँच करने और उनकी सहायता करने के लिए कक्षा में भ्रमण भी करते हैं। | BP50: iv.शिक्षक समूह में सीखने के अवसर प्रदान करते हैं और विद्यार्थियों के कार्य की जाँच करने और उनकी सहायता के लिए कक्षा में भ्रमण करते हैं। | BQ50: ii.नहीं | BS50: i.हाँ | BT50: i.कक्षा के नियम या दिनचर्या/रूटीन निर्धारित नहीं हैं। | BU50: iii.नहीं देखा गया (शिक्षक ने न तो रूढ़िवादिता या भेदभाव को बढ़ावा दिया/अभ्यास किया और न ही विद्यार्थियों को रूढ़िवादिता या भेदभाव के बारे में जागरूक किया) | BV50: i.अवलोकन के दौरान रूढ़िवादिता या भेदभाव की कोई घटना नहीं देखी गई। | BW50: ii.नहीं | CF50: i.TLM का उपयोग किया ii.विषय से संबंधित गतिविधियाँ iii.समझ की जाँच (CFU) प्रश्न iv.गृहकार्य देना | CG50: 1 | CH50: 1 | CI50: 1 | CJ50: 1 | CK50: 0 | CL50: 3.कभी जाँची नहीं जाती | CM50: 1.त्रुटियों की न तो पहचान की जाती है और न ही उन्हें सुधारा जाता है। | CN50: 1.कोई फीडबैक नहीं दिया गया। | CO50: 1.नोटबुक को साफ़ सुथरा रखने और प्रस्तुतिकरण पर कोई टिप्पणी या फीडबैक नहीं। | CP50: iii.50% से अधिक विद्यार्थी विषय-विशिष्ट नोटबुक में काम करते हैं। | CQ50: 5 | CR50: ii.नहीं | CV50: iii.कोई एक विद्यार्थी धाराप्रवाह के साथ पढ़ पा रहा है। | CW50: iv. कोई भी विद्यार्थी पढ़े हुए पैराग्राफ का कम से कम 70% नही समझ पा रहा है। | CX50: iii.किसी एक विद्यार्थी ने बिना किसी त्रुटि के लिखा है। | GC50: शिक्षक कक्षा में घूम रहे थे और विद्यार्थी की सहायता कर रहे थे। शिक्षक tlm का उपयोग कर रहे थे। शिक्षक द्वारा सकारात्मक भाषा का उपयोग किया जा रहा था | GD50: कोल्ड कॉलिंग का उपयोग किया जा सकता है। प्रिंट रिच वातावरण का निर्माण किया जा सकता है। | GE50: गेस्ट टीचर की ट्रेनिंग करवाई जाए। | GF50: MT ही स्कूल के हेड (प्रभारी)तथा एक ही रेगुलर टीचर, जिससे कक्षा में कम समय दे पाते हैं। | GM50: 696337565 | GN50: d772da36-f1a6-4179-abe6-4d79a0d39591 | GO50: 45896.483 | GR50: submitted_via_web | GT50: vVLoBVrPnDmiCZ8fxF6Nin | GV50: uuid:d772da36-f1a6-4179-abe6-4d79a0d39591 | GW50: 49
